"sequence_id","junction","junction_aa","v_call","j_call","d_call","umi_count","consensus_count","Clone_ID","Dataset","Clean_Clone_ID","Chain_Type"
"AAATGCCCATAGAAAC-1_contig_2","TGTGCGAGAGACTTTGGGACTATGGTGACCCACTTTGACTACTGG","CARDFGTMVTHFDYW","IGHV3-33*01","IGHJ4*02","IGHD4/OR15-4a*01,IGHD4/OR15-4b*01",2,1212,"AAATGCCCATAGAAAC-1_contig_2","BEAM_Positive","AAATGCCCATAGAAAC-1","Heavy"
"AACTCAGGTTAAGATG-1_contig_4","TGTGCGAGGGACCCTCATTGGCTGGTATCGGGGTACTTTGACTTCTGG","CARDPHWLVSGYFDFW","IGHV4-34*01","IGHJ4*02","IGHD6-19*01",5,3376,"AACTCAGGTTAAGATG-1_contig_4","BEAM_Positive","AACTCAGGTTAAGATG-1","Heavy"
"AAGTCTGGTCTGCAAT-1_contig_2","TGTGCGAGAGATATAGTGGTTACGAGATTAAGCGATCACTTTGACTACTGG","CARDIVVTRLSDHFDYW","IGHV3-7*03","IGHJ4*02","IGHD5-12*01,IGHD5-18*02",12,11594,"AAGTCTGGTCTGCAAT-1_contig_2","BEAM_Positive","AAGTCTGGTCTGCAAT-1","Heavy"
"AATCGGTGTGCACCAC-1_contig_2","TGTGCGAGAGATCGTAGTGGAAATTACTTCTTCGAATTTGACTACTGG","CARDRSGNYFFEFDYW","IGHV3-30-3*01","IGHJ4*02","IGHD3-22*01",3,3442,"AATCGGTGTGCACCAC-1_contig_2","BEAM_Positive","AATCGGTGTGCACCAC-1","Heavy"
"ACATGGTAGTATCGAA-1_contig_2","TGTTCGAGAGGCCTGCCCCGCATAGGAGCAGATGGGGGGTTCGACTCCTGG","CSRGLPRIGADGGFDSW","IGHV4-34*01","IGHJ5*01,IGHJ5*02","IGHD6-13*01",7,3625,"ACATGGTAGTATCGAA-1_contig_2","BEAM_Positive","ACATGGTAGTATCGAA-1","Heavy"
"ACGATACGTGTTTGGT-1_contig_1","TGTACCACAGATGAAGGGAGATACGATTTTTGGAATGATGACTATTTTAATGACTATTACTTTGACTACTGG","CTTDEGRYDFWNDDYFNDYYFDYW","IGHV3-15*01","IGHJ4*02","IGHD3-3*01",12,6125,"ACGATACGTGTTTGGT-1_contig_1","BEAM_Positive","ACGATACGTGTTTGGT-1","Heavy"
"ACGGAGACATAGACTC-1_contig_1","TGTGCAACAGTCTGGGCTCACTATGATAGTAGCGGTTACATTGGCTACTGG","CATVWAHYDSSGYIGYW","IGHV1-24*01","IGHJ4*02","IGHD3-22*01",12,4741,"ACGGAGACATAGACTC-1_contig_1","BEAM_Positive","ACGGAGACATAGACTC-1","Heavy"
"ACTGCTCAGGGATACC-1_contig_2","TGTGCGAAAGATGGTACGGTGGTAACGGGCCTCGGTAATGCTTTTGATATCTGG","CAKDGTVVTGLGNAFDIW","IGHV1-2*02","IGHJ3*02","IGHD4-23*01",2,1718,"ACTGCTCAGGGATACC-1_contig_2","BEAM_Positive","ACTGCTCAGGGATACC-1","Heavy"
"ACTTTCATCATCACCC-1_contig_2","TGTGTCAAAGATATGTCCCCAACATATTCCGATTCTTGGAGTGGACCCGATGCTTTTGATATCTGG","CVKDMSPTYSDSWSGPDAFDIW","IGHV3-64D*08","IGHJ3*02","IGHD3-3*01",7,6922,"ACTTTCATCATCACCC-1_contig_2","BEAM_Positive","ACTTTCATCATCACCC-1","Heavy"
"AGATTGCAGTTCGCAT-1_contig_2","TGTGCGTCCTCCACGGGGAGGCTGGTTCAATCAGAAGAATTTGACTACTGG","CASSTGRLVQSEEFDYW","IGHV3-23*01,IGHV3-23D*01","IGHJ4*02","IGHD3-10*01,IGHD3-10*02,IGHD3-10*03",8,3182,"AGATTGCAGTTCGCAT-1_contig_2","BEAM_Positive","AGATTGCAGTTCGCAT-1","Heavy"
"AGCATACCAGTCAGAG-1_contig_2","TGTGCGAGGTCGCTGGGGGGGGGCTACTATTACGGTATGGACGTCTGG","CARSLGGGYYYGMDVW","IGHV3-30-3*01","IGHJ6*02","IGHD3-16*01,IGHD3-16*02,IGHD3-16*03",2,1339,"AGCATACCAGTCAGAG-1_contig_2","BEAM_Positive","AGCATACCAGTCAGAG-1","Heavy"
"AGTTGGTAGCTGAAAT-1_contig_2","TGTGCGAGAGTGGGGGATTACTATGATAGTAGTGGTTATGGGTCTATGGTGTACTACTTTGACTACTGG","CARVGDYYDSSGYGSMVYYFDYW","IGHV1-18*04","IGHJ4*02","IGHD3-22*01",4,2246,"AGTTGGTAGCTGAAAT-1_contig_2","BEAM_Positive","AGTTGGTAGCTGAAAT-1","Heavy"
"ATAGACCGTCCAACTA-1_contig_2","TGTGCGAGAGAGACCCCGGAAACACTGTGGTTCGGGGAGTCATTACCATCCACCTACGGTATGGACGTCTGG","CARETPETLWFGESLPSTYGMDVW","IGHV1-18*04","IGHJ6*02","IGHD3-10*01",10,4288,"ATAGACCGTCCAACTA-1_contig_2","BEAM_Positive","ATAGACCGTCCAACTA-1","Heavy"
"CAGAATCTCAGTTAGC-1_contig_2","TGTGCGAATGGTGCAAGTGGCAGCTACTACTCACCCTTTGACTACTGG","CANGASGSYYSPFDYW","IGHV3-30*18,IGHV3-30-5*01","IGHJ4*02","IGHD1-26*01",8,3982,"CAGAATCTCAGTTAGC-1_contig_2","BEAM_Positive","CAGAATCTCAGTTAGC-1","Heavy"
"CAGCAGCGTCCCTTGT-1_contig_1","TGTGCGAGGGGTTTTGACTACTGG","CARGFDYW","IGHV4-59*01","IGHJ4*02",NA,15,11210,"CAGCAGCGTCCCTTGT-1_contig_1","BEAM_Positive","CAGCAGCGTCCCTTGT-1","Heavy"
"CAGGTGCTCCCGGATG-1_contig_2","TGTGCGAGAGGGTTTGACTATTGG","CARGFDYW","IGHV4-59*01","IGHJ4*02",NA,4,4448,"CAGGTGCTCCCGGATG-1_contig_2","BEAM_Positive","CAGGTGCTCCCGGATG-1","Heavy"
"CATCGAAGTACAGACG-1_contig_2","TGTGTGAGAGATCATACAGCTACGTTCAATAGGGACTTTGACTACTGG","CVRDHTATFNRDFDYW","IGHV3-48*04","IGHJ4*02","IGHD5-18*01,IGHD5-5*01",4,2078,"CATCGAAGTACAGACG-1_contig_2","BEAM_Positive","CATCGAAGTACAGACG-1","Heavy"
"CCAGCGATCCCAAGAT-1_contig_2","TGTGCGAGAGGCGGTGGTGCTGCTCAGTACTGG","CARGGGAAQYW","IGHV3-11*06","IGHJ4*02","IGHD2-21*01,IGHD2-21*02,IGHD2-8*02",2,1062,"CCAGCGATCCCAAGAT-1_contig_2","BEAM_Positive","CCAGCGATCCCAAGAT-1","Heavy"
"CCGGTAGTCCCTTGCA-1_contig_2","TGTGCGAGGGACCCTCATTGGCTGGTATCGGGCTACTTTGACTTCTGG","CARDPHWLVSGYFDFW","IGHV4-34*02","IGHJ4*02","IGHD6-19*01",1,926,"CCGGTAGTCCCTTGCA-1_contig_2","BEAM_Positive","CCGGTAGTCCCTTGCA-1","Heavy"
"CCTACCATCTCTAAGG-1_contig_2","TGTACCACAGATGAAGGGAGATACGATTTTTGGAATGATGACTATTTTAATGACTATTACTTTGACTACTGG","CTTDEGRYDFWNDDYFNDYYFDYW","IGHV3-15*01","IGHJ4*02","IGHD3-3*01",9,5270,"CCTACCATCTCTAAGG-1_contig_2","BEAM_Positive","CCTACCATCTCTAAGG-1","Heavy"
"CCTCAGTAGGTGATAT-1_contig_1","TGTGCACACAGACGGGGGATCCAGGTATGGACAGATGCTTTTGATGTCTGG","CAHRRGIQVWTDAFDVW","IGHV2-5*01","IGHJ3*01","IGHD5-18*01,IGHD5-5*01",12,7489,"CCTCAGTAGGTGATAT-1_contig_1","BEAM_Positive","CCTCAGTAGGTGATAT-1","Heavy"
"CGAGAAGGTCGGCATC-1_contig_1","TGTGCGAGAGTGGGGGATTACTATGATAGTAGTGGTTATGGGTCTATGGTGTACTACTTTGACTACTGG","CARVGDYYDSSGYGSMVYYFDYW","IGHV1-18*04","IGHJ4*02","IGHD3-22*01",8,6403,"CGAGAAGGTCGGCATC-1_contig_1","BEAM_Positive","CGAGAAGGTCGGCATC-1","Heavy"
"CGGAGTCAGCCGCCTA-1_contig_2","TGTGCGAGAGGAACAGACTCTTTAGGTGGAATGTTCAGTGTCGTGCCCGGATATTATGACAACTGG","CARGTDSLGGMFSVVPGYYDNW","IGHV1-69*04,IGHV1-69*08,IGHV1-69*11","IGHJ4*02","IGHD2-15*01,IGHD2-2*01,IGHD2-2*02",9,5600,"CGGAGTCAGCCGCCTA-1_contig_2","BEAM_Positive","CGGAGTCAGCCGCCTA-1","Heavy"
"CTACACCCACTGTGTA-1_contig_2","TGTACCACAGATGAAGGGAGATACGATTTTTGGAATGATGACTATTTTAATGACTATTACTTTGACTACTGG","CTTDEGRYDFWNDDYFNDYYFDYW","IGHV3-15*01","IGHJ4*02","IGHD3-3*01",13,7847,"CTACACCCACTGTGTA-1_contig_2","BEAM_Positive","CTACACCCACTGTGTA-1","Heavy"
"CTAGCCTTCGTCCAGG-1_contig_2","TGTGCGAGAGGAGGGGTGAAACTGGGGAATCTCCTCCCGTGGGTTGACTACTGG","CARGGVKLGNLLPWVDYW","IGHV3-20*04","IGHJ4*02","IGHD7-27*01",15,12055,"CTAGCCTTCGTCCAGG-1_contig_2","BEAM_Positive","CTAGCCTTCGTCCAGG-1","Heavy"
"CTGGTCTTCGGCGCAT-1_contig_2","TGTGCGAGAGGATTTGACTACTGG","CARGFDYW","IGHV4-59*01,IGHV4-59*11","IGHJ4*02",NA,4,415,"CTGGTCTTCGGCGCAT-1_contig_2","BEAM_Positive","CTGGTCTTCGGCGCAT-1","Heavy"
"GAAATGAAGGTGCTAG-1_contig_2","TGTACGAGAGGCCTCACTGTCTCCGACTACTGG","CTRGLTVSDYW","IGHV3-48*02","IGHJ4*02","IGHD5/OR15-5a*01,IGHD5/OR15-5b*01",41,28628,"GAAATGAAGGTGCTAG-1_contig_2","BEAM_Positive","GAAATGAAGGTGCTAG-1","Heavy"
"GAACGGAAGTGTACTC-1_contig_2","TGTGCGAAAGAGACTGGCTACGATTTTTTTGACTACTGG","CAKETGYDFFDYW","IGHV3-23*01,IGHV3-23D*01","IGHJ4*02","IGHD5-12*01,IGHD5-18*02",2,707,"GAACGGAAGTGTACTC-1_contig_2","BEAM_Positive","GAACGGAAGTGTACTC-1","Heavy"
"GATCGATCAGGGAGAG-1_contig_2","TGTGCGAGAGGAACAGACTCTTTAGGTGGAATGTTCAGTGTCGTTCCCGGATATTTTGACAACTGG","CARGTDSLGGMFSVVPGYFDNW","IGHV1-69*04,IGHV1-69*08,IGHV1-69*11","IGHJ4*02","IGHD2-15*01,IGHD2-2*01,IGHD2-2*02",6,4174,"GATCGATCAGGGAGAG-1_contig_2","BEAM_Positive","GATCGATCAGGGAGAG-1","Heavy"
"GATCGTAAGCTGATAA-1_contig_2","TGTGCAATAGGTCCGCAGCAGCTGGCCCAAACCTGGTTCGACCCCTGG","CAIGPQQLAQTWFDPW","IGHV1-24*01","IGHJ5*01,IGHJ5*02","IGHD6-13*01",11,7892,"GATCGTAAGCTGATAA-1_contig_2","BEAM_Positive","GATCGTAAGCTGATAA-1","Heavy"
"GCTTCCATCAGGCCCA-1_contig_1","TGTGCGGGGAGGAACACTAACTGGGCCTACTGCTTTGACTACTGG","CAGRNTNWAYCFDYW","IGHV4-59*08","IGHJ4*02","IGHD7-27*01",14,8225,"GCTTCCATCAGGCCCA-1_contig_1","BEAM_Positive","GCTTCCATCAGGCCCA-1","Heavy"
"GGACGTCCAGTGGGAT-1_contig_2","TGTGCGAGAGTGGGGGATTACTATGATAGTAGTGGTTATGGGTCTATGGTGTACTACTTTGACTACTGG","CARVGDYYDSSGYGSMVYYFDYW","IGHV1-18*04","IGHJ4*02","IGHD3-22*01",5,4433,"GGACGTCCAGTGGGAT-1_contig_2","BEAM_Positive","GGACGTCCAGTGGGAT-1","Heavy"
"GGGTTGCCAGGGTTAG-1_contig_2","TGTGCGAGAGACGGAATGGTAGTAGGCTTTATGGACGTCTGG","CARDGMVVGFMDVW","IGHV4-31*03","IGHJ6*02","IGHD3-22*01",2,1477,"GGGTTGCCAGGGTTAG-1_contig_2","BEAM_Positive","GGGTTGCCAGGGTTAG-1","Heavy"
"GGTATTGTCAAACGGG-1_contig_1","TGTGCGAGGGGATTCGATCTCTGG","CARGFDLW","IGHV4-4*08,IGHV4-59*08","IGHJ2*01",NA,6,5959,"GGTATTGTCAAACGGG-1_contig_1","BEAM_Positive","GGTATTGTCAAACGGG-1","Heavy"
"GGTGTTACATACCATG-1_contig_1","TGTGCGAGAGTGGGGGATTACTATGATAGCAGTGGTTATGGGTCTATGGTGTACTACTTTGACTACTGG","CARVGDYYDSSGYGSMVYYFDYW","IGHV1-18*04","IGHJ4*02","IGHD3-22*01",8,6019,"GGTGTTACATACCATG-1_contig_1","BEAM_Positive","GGTGTTACATACCATG-1","Heavy"
"GTATCTTAGATGAGAG-1_contig_2","TGTGCGAGAGTGGGGGATTACTATGATAGTAGTGGTTATGGGTCTATGGTGTACTACTTTGACTACTGG","CARVGDYYDSSGYGSMVYYFDYW","IGHV1-18*04","IGHJ4*02","IGHD3-22*01",4,2011,"GTATCTTAGATGAGAG-1_contig_2","BEAM_Positive","GTATCTTAGATGAGAG-1","Heavy"
"GTCAAGTGTGATAAAC-1_contig_1","TGTGTAAAAGGACTGGGGCTCCACAAGGCCTACTACTACGGAATGGACGTCTGG","CVKGLGLHKAYYYGMDVW","IGHV3-64D*09","IGHJ6*02","IGHD7-27*01",4,1943,"GTCAAGTGTGATAAAC-1_contig_1","BEAM_Positive","GTCAAGTGTGATAAAC-1","Heavy"
"GTCACAATCTCGAGTA-1_contig_2","TGTGCGAGACATTATCCCGACTACAGCCCAGCTTCCGATGGTTTTGATATCTGG","CARHYPDYSPASDGFDIW","IGHV4-59*08","IGHJ3*02","IGHD4-11*01,IGHD4-4*01",3,1848,"GTCACAATCTCGAGTA-1_contig_2","BEAM_Positive","GTCACAATCTCGAGTA-1","Heavy"
"GTCCTCACAACGCACC-1_contig_2","TGTGCGAGAGACGCGGTTGCAGGTGACGTTCTAATAGATTACTTCTATAACTACGGTATTGACCTCTGG","CARDAVAGDVLIDYFYNYGIDLW","IGHV3-21*01","IGHJ6*02","IGHD2-21*02,IGHD2/OR15-2a*01,IGHD2/OR15-2b*01",12,8681,"GTCCTCACAACGCACC-1_contig_2","BEAM_Positive","GTCCTCACAACGCACC-1","Heavy"
"GTGTTAGAGAAACCGC-1_contig_2","TGTGCAACATCCTGGGCAGTGGCTGGTCCTGGAACACCCGACTACTGG","CATSWAVAGPGTPDYW","IGHV1-24*01","IGHJ4*02","IGHD6-19*01",5,3380,"GTGTTAGAGAAACCGC-1_contig_2","BEAM_Positive","GTGTTAGAGAAACCGC-1","Heavy"
"TGGACGCAGTACACCT-1_contig_2","TGTGTGAAAGGAAGGATGATACAACTTCTTATCCTAGTCGAGGCATTCTTTGACTACTGG","CVKGRMIQLLILVEAFFDYW","IGHV3-23*01,IGHV3-23D*01","IGHJ4*02","IGHD1-1*01",8,7609,"TGGACGCAGTACACCT-1_contig_2","BEAM_Positive","TGGACGCAGTACACCT-1","Heavy"
"TTAACTCAGTAGATGT-1_contig_1","TGTGCGAGAGGAGGGGTGAAACTGGGGAATCTCCTCCCGTGGGTTGACTACTGG","CARGGVKLGNLLPWVDYW","IGHV3-20*04","IGHJ4*02","IGHD7-27*01",11,10673,"TTAACTCAGTAGATGT-1_contig_1","BEAM_Positive","TTAACTCAGTAGATGT-1","Heavy"
"TTGCGTCCACGTGAGA-1_contig_2","TGTGCGGGGAGGAACACTAACTGGGCCTACTGCTTTGACTACTGG","CAGRNTNWAYCFDYW","IGHV4-59*08","IGHJ4*02","IGHD7-27*01",14,6084,"TTGCGTCCACGTGAGA-1_contig_2","BEAM_Positive","TTGCGTCCACGTGAGA-1","Heavy"
"TTGGAACCAGGGATTG-1_contig_2","TGTGCGAGGGGGTTTGACCTCTGG","CARGFDLW","IGHV4-59*02","IGHJ5*02",NA,3,2491,"TTGGAACCAGGGATTG-1_contig_2","BEAM_Positive","TTGGAACCAGGGATTG-1","Heavy"
"TTTCCTCTCCTCAATT-1_contig_2","TGTACGAGAGGCCTCACTGTCTCCGACTACTGG","CTRGLTVSDYW","IGHV3-48*02","IGHJ4*02","IGHD5/OR15-5a*01,IGHD5/OR15-5b*01",28,18694,"TTTCCTCTCCTCAATT-1_contig_2","BEAM_Positive","TTTCCTCTCCTCAATT-1","Heavy"
"AAACCTGAGATCCCGC-1_contig_2","TGTGCGAGAGACGCGGTTGCAGGTGATGTTCTAATAGATTACTTCTATAACTACGGTATTGACCTCTGG","CARDAVAGDVLIDYFYNYGIDLW","IGHV3-21*01","IGHJ6*02","IGHD2-8*01",10,2041,"AAACCTGAGATCCCGC-1_contig_2","DualLabeling_Positive","AAACCTGAGATCCCGC-1","Heavy"
"ACGAGCCTCCTCGCAT-1_contig_1","TGTGCGAGAGATATAGTGGTTACGAGATTAAGTGATCACTTTGACTACTGG","CARDIVVTRLSDHFDYW","IGHV3-7*03","IGHJ4*02,IGHJ4*03","IGHD5-12*01,IGHD5-18*02",20,4443,"ACGAGCCTCCTCGCAT-1_contig_1","DualLabeling_Positive","ACGAGCCTCCTCGCAT-1","Heavy"
"ACTGAACTCTTACCGC-1_contig_2","TGTGCGTCCTCCACGGGGAGGCTGGTTCAATCAGAAGAATTTGACTACTGG","CASSTGRLVQSEEFDYW","IGHV3-23*01,IGHV3-23D*01","IGHJ4*02","IGHD3-10*01,IGHD3-10*02,IGHD3-10*03",2,367,"ACTGAACTCTTACCGC-1_contig_2","DualLabeling_Positive","ACTGAACTCTTACCGC-1","Heavy"
"AGAGCGATCGCATGGC-1_contig_2","TGTGCGAGAGGCGGTGGTGCTGCTCAGTACTGG","CARGGGAAQYW","IGHV3-11*06","IGHJ4*02","IGHD2-21*01,IGHD2-21*02,IGHD2-8*02",7,1655,"AGAGCGATCGCATGGC-1_contig_2","DualLabeling_Positive","AGAGCGATCGCATGGC-1","Heavy"
"AGCTCTCGTTCAGACT-1_contig_2","TGTGCGAGAGATCGTAGTGGAAATTACTTCTTCGAATTTGACTACTGG","CARDRSGNYFFEFDYW","IGHV3-30-3*01","IGHJ4*02","IGHD3-22*01",8,1860,"AGCTCTCGTTCAGACT-1_contig_2","DualLabeling_Positive","AGCTCTCGTTCAGACT-1","Heavy"
"CACACAAAGCCAGTTT-1_contig_2","TGTGCACACAGACGGGGGATCCAGGTATGGACAGATGCTTTTGATGTCTGG","CAHRRGIQVWTDAFDVW","IGHV2-5*01","IGHJ3*01","IGHD5-18*01,IGHD5-5*01",7,2673,"CACACAAAGCCAGTTT-1_contig_2","DualLabeling_Positive","CACACAAAGCCAGTTT-1","Heavy"
"CGATGGCAGTTGTAGA-1_contig_1","TGTGCGGGGAGGAACACTAACTGGGCCTACTGCTTTGACTACTGG","CAGRNTNWAYCFDYW","IGHV4-59*08","IGHJ4*02","IGHD7-27*01",12,4881,"CGATGGCAGTTGTAGA-1_contig_1","DualLabeling_Positive","CGATGGCAGTTGTAGA-1","Heavy"
"GCGCGATGTGGTAACG-1_contig_2","TGTGTCAAAGATATGTCCCCAACATATTCCGATTCTTGGAGTGGACCCGATGCTTTTGATATCTGG","CVKDMSPTYSDSWSGPDAFDIW","IGHV3-64D*08","IGHJ3*02","IGHD3-3*01",6,600,"GCGCGATGTGGTAACG-1_contig_2","DualLabeling_Positive","GCGCGATGTGGTAACG-1","Heavy"
"GGGAATGTCCTTTCTC-1_contig_2","TGTGCGAATGGTGCAAGTGGCAGCTACTACTCACCCTTTGACTACTGG","CANGASGSYYSPFDYW","IGHV3-30*18,IGHV3-30-5*01","IGHJ4*02","IGHD1-26*01",7,1923,"GGGAATGTCCTTTCTC-1_contig_2","DualLabeling_Positive","GGGAATGTCCTTTCTC-1","Heavy"
"TCGGGACCATGTCCTC-1_contig_1","TGTACGAGAGGCCTCACTGTCTCCGACTACTGG","CTRGLTVSDYW","IGHV3-48*02","IGHJ4*02","IGHD5/OR15-5a*01,IGHD5/OR15-5b*01",27,5997,"TCGGGACCATGTCCTC-1_contig_1","DualLabeling_Positive","TCGGGACCATGTCCTC-1","Heavy"
"TCTCTAAGTAAGGGCT-1_contig_2","TGTGCGAGAGGAGGGGTGAAACTGGGGAATCTCCTCCCGTGGGTTGACTACTGG","CARGGVKLGNLLPWVDYW","IGHV3-20*04","IGHJ4*02","IGHD7-27*01",33,11805,"TCTCTAAGTAAGGGCT-1_contig_2","DualLabeling_Positive","TCTCTAAGTAAGGGCT-1","Heavy"
"TTCGAAGGTATAGGGC-1_contig_1","TGTGTGAGAGATCATACAGCTACGTTCAATAGGGACTTTGACTACTGG","CVRDHTATFNRDFDYW","IGHV3-48*04","IGHJ4*02","IGHD5-18*01,IGHD5-5*01",6,1015,"TTCGAAGGTATAGGGC-1_contig_1","DualLabeling_Positive","TTCGAAGGTATAGGGC-1","Heavy"
"TTTACTGGTGACGGTA-1_contig_2","TGTGCAACATCCTGGGCAGTGGCTGGTCCTGGAACACCCGACTACTGG","CATSWAVAGPGTPDYW","IGHV1-24*01","IGHJ4*02","IGHD6-19*01",9,1447,"TTTACTGGTGACGGTA-1_contig_2","DualLabeling_Positive","TTTACTGGTGACGGTA-1","Heavy"
"TTTGCGCGTACATCCA-1_contig_2","TGCGCGAGAGACTTTGGGACTATGGTGACCCACTTTGACTACTGG","CARDFGTMVTHFDYW","IGHV3-33*01","IGHJ4*02","IGHD4/OR15-4a*01,IGHD4/OR15-4b*01",5,1804,"TTTGCGCGTACATCCA-1_contig_2","DualLabeling_Positive","TTTGCGCGTACATCCA-1","Heavy"
"AACCATGTCAGTTGAC-1_contig_1","TGTGCGAGAGGAACAGACTCTTTAGGTGGAATGTTCAGTGTCGTGCCCGGATATTATGACAACTGG","CARGTDSLGGMFSVVPGYYDNW","IGHV1-69*04,IGHV1-69*08,IGHV1-69*11","IGHJ4*02","IGHD2-15*01,IGHD2-2*01,IGHD2-2*02",8,1751,"AACCATGTCAGTTGAC-1_contig_1","DualLabeling_Positive","AACCATGTCAGTTGAC-1","Heavy"
"ACAGCTATCACTCTTA-1_contig_2","TGTACCACAGATGAAGGGAGATACGATTTTTGGAATGATGACTATTTTAATGACTATTACTTTGACTACTGG","CTTDEGRYDFWNDDYFNDYYFDYW","IGHV3-15*01","IGHJ4*02","IGHD3-3*01",9,1570,"ACAGCTATCACTCTTA-1_contig_2","DualLabeling_Positive","ACAGCTATCACTCTTA-1","Heavy"
"AGCTCTCTCGCCAGCA-1_contig_2","TGCGCGAGAGACTTTGGGACTATGGTGACCCACTTTGACTACTGG","CARDFGTMVTHFDYW","IGHV3-33*01,IGHV3-33*02","IGHJ4*02","IGHD4/OR15-4a*01,IGHD4/OR15-4b*01",4,1385,"AGCTCTCTCGCCAGCA-1_contig_2","DualLabeling_Positive","AGCTCTCTCGCCAGCA-1","Heavy"
"ATTACTCCACCAGGCT-1_contig_1","TGTGCGAGAGTGGGGGATTACTATGATAGTAGTGGTTATGGGTCTATGGTGTACTACTTTGACTACTGG","CARVGDYYDSSGYGSMVYYFDYW","IGHV1-18*04","IGHJ4*02","IGHD3-22*01",6,1411,"ATTACTCCACCAGGCT-1_contig_1","DualLabeling_Positive","ATTACTCCACCAGGCT-1","Heavy"
"CAAGGCCTCTGTGCAA-1_contig_2","TGTGCGAGAGTGGGGGATTACTATGATAGTAGTGGTTATGGGTCTATGGTGTACTACTTTGACTACTGG","CARVGDYYDSSGYGSMVYYFDYW","IGHV1-18*04","IGHJ4*02","IGHD3-22*01",7,3366,"CAAGGCCTCTGTGCAA-1_contig_2","DualLabeling_Positive","CAAGGCCTCTGTGCAA-1","Heavy"
"CACAGTAGTCAAGCGA-1_contig_2","TGTGCGAGGGGCTTCGATCTCTGG","CARGFDLW","IGHV4-4*08,IGHV4-4*09","IGHJ2*01",NA,4,1194,"CACAGTAGTCAAGCGA-1_contig_2","DualLabeling_Positive","CACAGTAGTCAAGCGA-1","Heavy"
"CCCAATCCACATAACC-1_contig_2","TGTGCGAAAGAGACTGGTTACGATTTTTTTGACTACTGG","CAKETGYDFFDYW","IGHV3-23*01,IGHV3-23D*01","IGHJ4*02","IGHD3-3*01",6,2254,"CCCAATCCACATAACC-1_contig_2","DualLabeling_Positive","CCCAATCCACATAACC-1","Heavy"
"CGATGTACAAGTCTAC-1_contig_2","TGTGCGAGGGGGTTTGACTACTGG","CARGFDYW","IGHV4-59*01","IGHJ4*02",NA,8,5346,"CGATGTACAAGTCTAC-1_contig_2","DualLabeling_Positive","CGATGTACAAGTCTAC-1","Heavy"
"CGCCAAGCATGGATGG-1_contig_2","TGTGTGAAAGGAAGGATGATACAACTTCTTATCCTAGTCGAGGCATTCTTTGACTACTGG","CVKGRMIQLLILVEAFFDYW","IGHV3-23*01,IGHV3-23D*01","IGHJ4*02","IGHD1-1*01",15,6117,"CGCCAAGCATGGATGG-1_contig_2","DualLabeling_Positive","CGCCAAGCATGGATGG-1","Heavy"
"CGTAGGCTCTGAGTGT-1_contig_2","TGTGCAATAGGTCCGCAGCAGCTGGCCCAAACCTGGTTCGACCCCTGG","CAIGPQQLAQTWFDPW","IGHV1-24*01","IGHJ5*01,IGHJ5*02","IGHD6-13*01",7,1909,"CGTAGGCTCTGAGTGT-1_contig_2","DualLabeling_Positive","CGTAGGCTCTGAGTGT-1","Heavy"
"CTAAGACAGTGGAGTC-1_contig_2","TGTTCGAGAGGCCTGCCTCGTATAGGAGCAGATGGGGGGTTCGACTCCTGG","CSRGLPRIGADGGFDSW","IGHV4-34*02","IGHJ5*01,IGHJ5*02","IGHD6-13*01",18,3945,"CTAAGACAGTGGAGTC-1_contig_2","DualLabeling_Positive","CTAAGACAGTGGAGTC-1","Heavy"
"CTCGAAACAACTGCTA-1_contig_2","TGTGCAACAGTCTGGGCTCACTATGATAGTAGCGGTTACATTGGCTACTGG","CATVWAHYDSSGYIGYW","IGHV1-24*01","IGHJ4*02","IGHD3-22*01",11,3090,"CTCGAAACAACTGCTA-1_contig_2","DualLabeling_Positive","CTCGAAACAACTGCTA-1","Heavy"
"CTCGTCAGTTCTGGTA-1_contig_2","TGTGCGAGAGACGGAATGGTAGTAGGCTTTATGGACGTCTGG","CARDGMVVGFMDVW","IGHV4-31*03","IGHJ6*02","IGHD3-22*01",3,310,"CTCGTCAGTTCTGGTA-1_contig_2","DualLabeling_Positive","CTCGTCAGTTCTGGTA-1","Heavy"
"CTCTGGTCATATGAGA-1_contig_2","TGTGCACACAGACGGGGGATCCAGGTATGGACAGATGCTTTTGATGTCTGG","CAHRRGIQVWTDAFDVW","IGHV2-5*01","IGHJ3*01","IGHD5-18*01,IGHD5-5*01",5,1868,"CTCTGGTCATATGAGA-1_contig_2","DualLabeling_Positive","CTCTGGTCATATGAGA-1","Heavy"
"CTTCTCTGTTCAACCA-1_contig_2","TGTGCGGGGAGGAACACTAACTGGGCCTACTGCTTTGACTACTGG","CAGRNTNWAYCFDYW","IGHV4-59*08","IGHJ4*02","IGHD7-27*01",8,5912,"CTTCTCTGTTCAACCA-1_contig_2","DualLabeling_Positive","CTTCTCTGTTCAACCA-1","Heavy"
"GCACATAAGCGTTTAC-1_contig_2","TGTGCGAGAGTGGGGGATTACTATGATAGTAGTGGTTATGGGTCTATGGTGTACTACTTTGACTACTGG","CARVGDYYDSSGYGSMVYYFDYW","IGHV1-18*04","IGHJ4*02","IGHD3-22*01",6,3015,"GCACATAAGCGTTTAC-1_contig_2","DualLabeling_Positive","GCACATAAGCGTTTAC-1","Heavy"
"GCAGCCATCAAACCGT-1_contig_2","TGTGCGAGAGTGGGGGATTACTATGATAGTAGTGGTTATGGGTCTATGGTGTACTACTTTGACTACTGG","CARVGDYYDSSGYGSMVYYFDYW","IGHV1-18*04","IGHJ4*02","IGHD3-22*01",3,234,"GCAGCCATCAAACCGT-1_contig_2","DualLabeling_Positive","GCAGCCATCAAACCGT-1","Heavy"
"GTACTTTAGACCTAGG-1_contig_1","TGTGCGAGAGGGTTCGACTACTGG","CARGFDYW","IGHV4-59*01,IGHV4-59*13","IGHJ4*02","IGHD3-10*01,IGHD3-10*03",8,2975,"GTACTTTAGACCTAGG-1_contig_1","DualLabeling_Positive","GTACTTTAGACCTAGG-1","Heavy"
"GTACTTTTCTTCATGT-1_contig_2","TGTGCGAGAAGCCTCGGCGGCGGCTATTATTACGGTATGGACGTCTGG","CARSLGGGYYYGMDVW","IGHV3-30*04,IGHV3-30-3*03","IGHJ6*02","IGHD6-25*01",2,336,"GTACTTTTCTTCATGT-1_contig_2","DualLabeling_Positive","GTACTTTTCTTCATGT-1","Heavy"
"GTCACAAGTAAACGCG-1_contig_1","TGTGCGAGACATTATCCCGACTACAGCCCAGCTTCCGATGGTTTTGATATCTGG","CARHYPDYSPASDGFDIW","IGHV4-59*08","IGHJ3*02","IGHD4-11*01,IGHD4-4*01",8,4132,"GTCACAAGTAAACGCG-1_contig_1","DualLabeling_Positive","GTCACAAGTAAACGCG-1","Heavy"
"TAAGTGCGTATTCTCT-1_contig_1","TGTGCGAGAGTGGGGGATTACTATGATAGTAGTGGTTATGGGTCTATGGTGTACTACTTTGACTACTGG","CARVGDYYDSSGYGSMVYYFDYW","IGHV1-18*04","IGHJ4*02","IGHD3-22*01",20,7780,"TAAGTGCGTATTCTCT-1_contig_1","DualLabeling_Positive","TAAGTGCGTATTCTCT-1","Heavy"
"TAGTGGTGTGCGCTTG-1_contig_1","TGTGCGAGAGAGACCCCGGAAACACTGTGGTTCGGGGAGTCATTACCATCCACCTACGGTATGGACGTCTGG","CARETPETLWFGESLPSTYGMDVW","IGHV1-18*04","IGHJ6*02","IGHD3-10*01",5,1354,"TAGTGGTGTGCGCTTG-1_contig_1","DualLabeling_Positive","TAGTGGTGTGCGCTTG-1","Heavy"
"TGACGGCCATATGGTC-1_contig_2","TGTGCGAGAGGAACAGACTCTTTAGGTGGAATGTTCAGTGTCGTTCCCGGATATTTTGACAACTGG","CARGTDSLGGMFSVVPGYFDNW","IGHV1-69*04,IGHV1-69*08,IGHV1-69*11","IGHJ4*02","IGHD2-15*01,IGHD2-2*01,IGHD2-2*02",20,6181,"TGACGGCCATATGGTC-1_contig_2","DualLabeling_Positive","TGACGGCCATATGGTC-1","Heavy"
"TGTGGTAAGTGCGTGA-1_contig_2","TGTGCGAAAGATGGTACGGTGGTAACGGGCCTCGGTAATGCTTTTGATATCTGG","CAKDGTVVTGLGNAFDIW","IGHV1-2*02","IGHJ3*02","IGHD4-23*01",19,7835,"TGTGGTAAGTGCGTGA-1_contig_2","DualLabeling_Positive","TGTGGTAAGTGCGTGA-1","Heavy"
"TTAACTCGTAAGGGAA-1_contig_2","TGTGTGAAAGGACTGGGGCTCCACAAGGCCTACTATTACGGTATGGACGTCTGG","CVKGLGLHKAYYYGMDVW","IGHV3-64D*08","IGHJ6*02","IGHD7-27*01",6,1697,"TTAACTCGTAAGGGAA-1_contig_2","DualLabeling_Positive","TTAACTCGTAAGGGAA-1","Heavy"
"TTGGCAACACGTCAGC-1_contig_2","TGTGCGAGGGACCCTCATTGGCTGGTATCGGGCTACTTTGACTTCTGG","CARDPHWLVSGYFDFW","IGHV4-34*02","IGHJ4*02","IGHD6-19*01",4,1403,"TTGGCAACACGTCAGC-1_contig_2","DualLabeling_Positive","TTGGCAACACGTCAGC-1","Heavy"
