junction_aa,umi_count,group,ag6_umi,clone_count,match_names,match_sources.1,match_sources.2
CARGFDYW,15,BEAM_AND_Dual,638,5,ADI-60784,"ADI-60784,Ab,SARS-CoV2_WT,OC43;HKU1,,,S; S2,B-cells; SARS-CoV2 Human Patient,QVQLQESGPELVMPSETLSLNCTVSGGSISGYYWSWIRQSPGKGLEWIGYIYYGGSTNYNPSLKSRVTMSVDTSKNQFSLNLISVTAADTAVYYCARGFDYWGQGTLVTVSS,ND,IGHV4-59 (Human),ND,IGKV3-20 (Human),ND,ARGFDY,QQYGSFPWT,ND,,""Mrunal Sakharkar et al., 2023 (https://www.science.org/doi/10.1126/sciimmunol.abg6916)"""," 2023 (https://www.science.org/doi/10.1126/sciimmunol.abg6916)"""
CARGFDYW,15,BEAM_AND_Dual,638,5,ADI-60732,"ADI-60732,Ab,SARS-CoV2_WT,OC43;HKU1,,,S; S2,B-cells; SARS-CoV2 Human Patient,QVQLQESGPGLVKPSETLSLTCTVSGGSISSFYWSWIRQSPGRGLEWIGYIYSSGNTNYNPSLKSRVNISVDTSKNQFSLRLSSVTAADTAIYYCARGFDYWGQGTLVTVSS,ND,IGHV4-59 (Human),ND,IGKV3-20 (Human),ND,ARGFDY,QQYGSSPWT,ND,,""Mrunal Sakharkar et al., 2023 (https://www.science.org/doi/10.1126/sciimmunol.abg6916)"""," 2023 (https://www.science.org/doi/10.1126/sciimmunol.abg6916)"""
CARGFDYW,15,BEAM_AND_Dual,638,5,ADI-62062,"ADI-62062,Ab,SARS-CoV2_WT,OC43;HKU1,,,S; S2,B-cells; SARS-CoV2 Human Patient,EVQLVESGPELVKPSETLSLTCTVSGDSINGYYWSWIRQPPGKGLEWIGYIYSSGSTNYNPSLKSRLTISVDTSKNQFSLKLSSVTAADTAVYYCARGFDYWGQGTLVTVSS,ND,IGHV4-59 (Human),ND,IGKV3-20 (Human),ND,ARGFDY,QQYGSTPWT,ND,,""Mrunal Sakharkar et al., 2023 (https://www.science.org/doi/10.1126/sciimmunol.abg6916)"""," 2023 (https://www.science.org/doi/10.1126/sciimmunol.abg6916)"""
CARGFDYW,15,BEAM_AND_Dual,638,5,ADI-62108,"ADI-62108,Ab,SARS-CoV2_WT,OC43;HKU1,,,S; S2,B-cells; SARS-CoV2 Human Patient,QVQLQESGPGLVKPSETLSLTCTVSGGSISSYYWSWIRQPPGKGLEWIGYVYYSGSSKYNPSLKSRVTISVDTSKNQVSLNLSSVTAADTAVYYCARGFDYWGQGTLVTVSS,ND,IGHV4-59 (Human),ND,IGKV3-20 (Human),ND,ARGFDY,QQYGSSPWT,ND,,""Mrunal Sakharkar et al., 2023 (https://www.science.org/doi/10.1126/sciimmunol.abg6916)"""," 2023 (https://www.science.org/doi/10.1126/sciimmunol.abg6916)"""
CARGFDYW,15,BEAM_AND_Dual,638,5,ADI-63050,"ADI-63050,Ab,SARS-CoV2_WT,OC43;HKU1,,,S; S2,B-cells; SARS-CoV2 Human Patient,EVQLQESGPGLVKPSETLSLTCTVSGGSISSYYWSWIRQPPGKGLEWIGYIYYSGSTKYNPSLKSRVTISVDTSKNQFSLKLSSVTAADTAVYYCARGFDYWGQGTLVTVSS,ND,IGHV4-59 (Human),ND,IGKV3-20 (Human),ND,ARGFDY,QQYGSSPWT,ND,,""Mrunal Sakharkar et al., 2023 (https://www.science.org/doi/10.1126/sciimmunol.abg6916)"""," 2023 (https://www.science.org/doi/10.1126/sciimmunol.abg6916)"""
CARGFDYW,15,BEAM_AND_Dual,638,5,ADI-63277,"ADI-63277,Ab,SARS-CoV2_WT,OC43;HKU1,,,S; S2,B-cells; SARS-CoV2 Human Patient,EVQLLESGPRLVKPSETLSLTCTVSGDSVSNYYWSWIRQPPGKGLEWIGYIYNSGTTKYNPSLKSRVTMSVDTSKNQFSLKLNSVAAADTAVYYCARGFDYWGQGTLVTVSS,ND,IGHV4-59 (Human),ND,IGKV3-20 (Human),ND,ARGFDY,HQYDSSLHWT,ND,,""Mrunal Sakharkar et al., 2023 (https://www.science.org/doi/10.1126/sciimmunol.abg6916)"""," 2023 (https://www.science.org/doi/10.1126/sciimmunol.abg6916)"""
CARGFDYW,15,BEAM_AND_Dual,638,5,ADI-63303,"ADI-63303,Ab,SARS-CoV2_WT,OC43;HKU1,,,S; S2,B-cells; SARS-CoV2 Human Patient,QVQLQESGPRLVKPSETLSLTCTVSGGSSSSYYWSWIRQPPGKRLEWIGYIHYSGSISYNPSLRGRVTISVDKSKNQFSLKLSSVTAADTAVYYCARGFDYWGQGTLVTVSS,ND,IGHV4-61 (Human),ND,IGKV3-20 (Human),ND,ARGFDY,QQYGSSPWT,ND,,""Mrunal Sakharkar et al., 2023 (https://www.science.org/doi/10.1126/sciimmunol.abg6916)"""," 2023 (https://www.science.org/doi/10.1126/sciimmunol.abg6916)"""
CARGFDYW,15,BEAM_AND_Dual,638,5,VA014_14,"VA014_14,Ab,SARS-CoV2_WT,,,SARS-CoV2_WT,S; S2,B-cells; SARS-CoV2_WT Vaccinee,QVQLQESGPGLVKPSETLSLTCTVSGGSISSYYWSWLRQPPGKGLEWIGYIYYSGSSNYNPSLKSRVTISVDTSKSQLSLKLTSVTAADTAVYYCARGFDYWGQGTLVTVSS,EIVLTQSPGTLSLSPGERATLSCRASQSLSSNYLAWFQQKHGQAPRLLIYAASNRAIGIPDRFSGSGSGTDFTLTISRLEPEDFAVYYCQQYGSSPWTFGQGTKLEIK,IGHV4-59 (Human),IGHJ4 (Human),IGKV3-20 (Human),IGKJ1 (Human),ARGFDY,QQYGSSPWT,ND,,Jeffrey Seow et. al. 2022 (https://www.sciencedirect.com/science/article/pii/S2211124722005216?via%3Dihub),26-Jul-22",26-Jul-22
CARGFDYW,15,BEAM_AND_Dual,638,5,368.01a.A.0069,"368.01a.A.0069,Ab,SARS-CoV2_WT,,,,S; Unk,B-cells; SARS-CoV2 Human Patient,QVQLQESGPGLVKPSETLSLTCAVSGDSISNYYWSWIRQPPGKGLEWIGYIYYSGSANYNPSLKSRVTISVDTSKNELSLKLSSVTAADTAVYYCARGFDYWGQGTLVTVSS,EIVLTQSPGTLSLSPGERATLSCRTSQSVSSNYLAWFQQKPGQAPRLLIYAASSRAIGIPDRFSGSGSGTDFTLTISRLEPEDFAVYYCQQYGSSLWTFGQGTKVEIK,IGHV4-59 (Human),IGHJ4 (Human),IGKV3-20 (Human),IGKJ1 (Human),ARGFDY,QQYGSSLWT,ND,,""Wooseob Kim et al., 2022 (https://www.nature.com/articles/s41586-022-04527-1)"""," 2022 (https://www.nature.com/articles/s41586-022-04527-1)"""
CARGFDYW,15,BEAM_AND_Dual,638,5,368.02a.C.0003,"368.02a.C.0003,Ab,SARS-CoV2_WT,,,,S; Unk,B-cells; SARS-CoV2 Human Patient,QVQLQESGPGLVKPSETLSLTCTVSGGSVSSYYWSWIRQPPGKGLEWIGYIYYSGSTNYNPSLKSRVTISVDTSKNQFSLKLTSVTAADTAVYYCARGFDYWGQGTLVTVSS,EIVLTQSPGTLSLSPGERATLSCRASQSVSSSYLAWFQQKPGQAPRLLIYAASSRATGIPDRFSGSGSGTDFTLTISRLEPEDFAVYYCQQYGSSPWTFGQGTKVEIK,IGHV4-59 (Human),IGHJ4 (Human),IGKV3-20 (Human),IGKJ1 (Human),ARGFDY,QQYGSSPWT,ND,,""Wooseob Kim et al., 2022 (https://www.nature.com/articles/s41586-022-04527-1)"""," 2022 (https://www.nature.com/articles/s41586-022-04527-1)"""
CARGFDYW,15,BEAM_AND_Dual,638,5,368.04.B.0113,"368.04.B.0113,Ab,SARS-CoV2_WT,,,,S; Unk,B-cells; SARS-CoV2 Human Patient,QVQLQESGPGLVKPSETLSLTCTVSGGSISSYYWSWIRQPPGKGLEWIGYIYYSGSTNYNPSLKSRVTISVDTSKNQFSLKLSSVTTADTAVYYCARGFDYWGQGTLVTVSS,EIVLTQSPGTLSLSPGERATLSCRASQSVNSIYLAWYQQKPGQAPRLLIYGASSRATGIADRFSGSGSGTDFTLTISRLEPEDFAVYYCQQYGSPTWTFGQGTKVEIK,IGHV4-59 (Human),IGHJ5 (Human),IGKV3-20 (Human),IGKJ1 (Human),ARGFDY,QQYGSPTWT,ND,,""Wooseob Kim et al., 2022 (https://www.nature.com/articles/s41586-022-04527-1)"""," 2022 (https://www.nature.com/articles/s41586-022-04527-1)"""
CARGFDYW,15,BEAM_AND_Dual,638,5,368.10.D.0009,"368.10.D.0009,Ab,SARS-CoV2_WT,,,,S; Unk,B-cells; SARS-CoV2 Human Patient,QVQLQESGPGLVKPSETLSLTCTVSGASISSYYWSWIRQPPGKGLEWIGYIYYSGSTNYNPSLKSRVSISVDTSKNQVSLKLSSVTAADTAVYYCARGFDYWGQGTLVTVSS,EIVLTQSPGTLSLSPGERATLSCRASQSVSPNYLAWYQQKPGQAPRLLIFGASSRATGIPDRFSGSGSGTGFTLTISRLEPEDFAVYYCQQYGSSPWTFGQGTKVEIK,IGHV4-59 (Human),IGHJ4 (Human),IGKV3-20 (Human),IGKJ1 (Human),ARGFDY,QQYGSSPWT,ND,,""Wooseob Kim et al., 2022 (https://www.nature.com/articles/s41586-022-04527-1)"""," 2022 (https://www.nature.com/articles/s41586-022-04527-1)"""
CARGFDYW,15,BEAM_AND_Dual,638,5,368.20.B.0034,"368.20.B.0034,Ab,SARS-CoV2_WT,,,,S; Unk,B-cells; SARS-CoV2 Human Patient,QVQLQESGPGLVKPSETLSLTCTVSGGSISNYYWSWIRQPPGKGLEWIGYIYYSGSTNYNPSLKSRVSISVDTSKNQFSLKLSSVTAADTAVYYCARGFDYWGQGTLVTVSS,EIVLTQSPGTLSLSPGERATLSCRASQSVSSSYLAWYQQKPGQAPRLLIYAASSRAIGIPDRFSGSGSGTDFTLTISRLEPEDFAVYYCHQYGSSLTWTFGQGTKVEIK,IGHV4-59 (Human),IGHJ4 (Human),IGKV3-20 (Human),IGKJ1 (Human),ARGFDY,HQYGSSLTWT,ND,,""Wooseob Kim et al., 2022 (https://www.nature.com/articles/s41586-022-04527-1)"""," 2022 (https://www.nature.com/articles/s41586-022-04527-1)"""
CARGFDYW,15,BEAM_AND_Dual,638,5,368.22.A.0007,"368.22.A.0007,Ab,SARS-CoV2_WT,,,,S; Unk,B-cells; SARS-CoV2 Human Patient,QVQLQESGPGLVKPSETLSLTCTVSGGSISSFYWSWIRQPPGKRLEWIGYTYYSGSTNYNPSLKSRVTISVDTSKNQFSLKLSSVTAADTAVYYCARGFDYWGQGTLVTVSS,EIVLTQSPGTLSLSPGERATLSCRASQSVGSSYLAWYQQKPGQAPRLLIYGASSRAIGIPDRFSGSGSGTDFTLTISRLEPEDFAVYHCQQYGGSPWTFGQGTKVEIK,IGHV4-59 (Human),IGHJ4 (Human),IGKV3-20 (Human),IGKJ1 (Human),ARGFDY,QQYGGSPWT,ND,,""Wooseob Kim et al., 2022 (https://www.nature.com/articles/s41586-022-04527-1)"""," 2022 (https://www.nature.com/articles/s41586-022-04527-1)"""
CARGFDYW,15,BEAM_AND_Dual,638,5,COVA1-27,"COVA1-27,Ab,SARS-CoV1;SARS-CoV2_WT,,,SARS-CoV1;SARS-CoV2_WT,S; non-RBD,B-cells; SARS-CoV2_WT Human Patient,EVQLVESGPGLVKPSETLSLTCTVSGGSISSYYWSWIRQPPGKRLEWIGYIYYSGSTNYNPSLKSRVTISVDTSKNQFSLKLNSVTAADTAAYYCARGFDYWGQGTRVTVSS,DVVMTQSPGTLSLSPGERATLSCRASQNVSSSYLAWYQQKPGQAPRLLIYGASSRATGIPDRFSGSGSGTDFTLTISRLEPEDFAVYYCQQYGSSPLFTFGPGTKVEIK,IGHV4-59 (Human),IGHJ4 (Human),IGKV3-20 (Human),IGKJ3 (Human),ARGFDY,QQYGSSPLFT,ND,,""Philip Brouwer et al., 2020 (https://science.sciencemag.org/content/early/2020/06/15/science.abc5902) and Marta Bermejo-Jambrina et al.", 2020 (https://science.sciencemag.org/content/early/2020/06/15/science.abc5902) and Marta Bermejo-Jambrina et al.
CARGFDYW,15,BEAM_AND_Dual,638,5,CV10,"CV10,Ab,SARS-CoV1;SARS-CoV2_WT,,,SARS-CoV2_WT,S; non-RBD,B-cells; SARS-CoV2_WT Human Patient,QVQLQESGPGLVKPSETLSLTCNVSGGSISSYYWSWIRQPPGKGLEWIGYIYYSGSTNYNPSLKSRVTISVDTSKNQFSLKLSSVTAADTAVYYCARGFDYWGQGTLVTVSS,EIVLTQSPGTLSLSPGERATLSCRASQSVSSIYLAWYQQKPGQAPRLLIYGASSRATGIPDRFSGSGSGTDFTLTISRLEPEDFAVYYCQQYAGSPWTFGQGTKVEIK,IGHV4-59 (Human),IGHJ4 (Human),IGKV3-20 (Human),IGKJ1 (Human),ARGFDY,QQYAGSPWT,ND,,""Emilie Seydoux et al., 2020 (https://www.biorxiv.org/content/10.1101/2020.05.12.091298v1) and Payton Weidenbacher et al.", 2020 (https://www.biorxiv.org/content/10.1101/2020.05.12.091298v1) and Payton Weidenbacher et al.
CARGFDYW,15,BEAM_AND_Dual,638,5,H712427+K711927,"H712427+K711927,Ab,SARS-CoV1;SARS-CoV2_WT,MERS-CoV,,,S; S2,B-cells; SARS-CoV1 Human Patient,QVQLQESGPGLVKPSETLSLTCTVSGGSISNYYWSWLRQSPGKGLEWIGYIYDSGTTNYNPSLKSRVTISIDTSKNHFSLKLNSVTAADTAVYYCARGFDYWGQGTLVTVSS,EIVLTQSPGTLSLSPGERATLSCRASQSVSSNYLAWFQQKPGQAPRLLIYATFSRSIGIADRFSGSGSGTDFTLTISRLEPEDFAVYYCQQYGSSPWTFGQGTKVEIK,IGHV4-59 (Human),IGHJ4 (Human),IGKV3-20 (Human),IGKJ1 (Human),ARGFDY,QQYGSSPWT,ND,,""Dapeng Li et al., 2021 (https://www.biorxiv.org/content/10.1101/2020.12.31.424729v1)"""," 2021 (https://www.biorxiv.org/content/10.1101/2020.12.31.424729v1)"""
CARGFDYW,15,BEAM_AND_Dual,638,5,H712443+K711941,"H712443+K711941,Ab,SARS-CoV2_WT;MERS-CoV,SARS-CoV1,,,S; S2,B-cells; SARS-CoV2_WT Human Patient,QVQLQESGPGLVKPSETLSLTCTVSGGSISSYYWSWIRQPPGKGLEWIGYIYYSGSTNYNPSLKSRITISVDTSKNQFSLKLSSVTAADTAMYYCARGFDYWGQGTLVTVSS,EIVLTQSPGTLSLSPGERATLSCRASQSVSSSYLAWYQQKPGQAPRLLIYGASSRAIGIPDRFSGSGSGTDFTLTISRLEPEDFAVYYCQQFGSSPWTFGQGTKVEIK,IGHV4-59 (Human),IGHJ4 (Human),IGKV3-20 (Human),IGKJ1 (Human),ARGFDY,QQFGSSPWT,ND,,""Dapeng Li et al., 2021 (https://www.biorxiv.org/content/10.1101/2020.12.31.424729v1)"""," 2021 (https://www.biorxiv.org/content/10.1101/2020.12.31.424729v1)"""
CARGFDYW,15,BEAM_AND_Dual,638,5,PDI-38,"PDI-38,Ab,SARS-CoV2_WT (weak),,,SARS-CoV2_WT,S; non-RBD,B-cells; SARS-CoV2 Human Patient,QVQLQESGPGLVKPSETLSLTCTVSGDSISSYYWSWIRQPPGKGLEWIGYTYYSGSTNYNPSLKSRVTISVDTSKNQFSLKLSSVTAADTAVYYCARGFDYWGQGTLVTVSS,EIVLTQSPGTLSLSPGERATLSCRASQSVGSIYLAWYQQKPGQAPRLLMYGASSRATGIPDRFSGSGSGTDFTLTISRLEPEDFAVYYCHQYGSSRAWTFGQGTKVEIK,IGHV4-59 (Human),IGHJ4 (Human),IGKV3-20 (Human),IGKJ1 (Human),ARGFDY,HQYGSSRAWT,ND,,""Adam Wheatley et al., 2021 (https://www.sciencedirect.com/science/article/pii/S2211124721012869)"""," 2021 (https://www.sciencedirect.com/science/article/pii/S2211124721012869)"""
CARGFDYW,15,BEAM_AND_Dual,638,5,R121-3G10,"R121-3G10,Ab,SARS-CoV2_WT;SARS-CoV1,MERS-CoV;HKU1;OC43,,SARS-CoV2_WT;SARS-CoV1;WIV-1,S; S2,B-cells; SARS-CoV2 Human Patient,QVQLEESGPGLVKPSETLSLTCSVSADSISNYYWSWIRQPPGKGLEWIGYIYYSGSTSYNPSLKSRVTMSVDTSKNQFSLKLSSVTAADTAVYYCARGFDYWGQGTLVTVSS,EIVLTQSPGTLSLSPGERATLSCRASQSVGSNYLAWYQQKPGQSPRLLIYATSSRAIGFPDRFIGSGSGTDFTLTISRLEPEDFAVYYCHQYGSSPWTFGQGTKVEIK,IGHV4-59 (Human),IGHJ4 (Human),IGKV3-20 (Human),IGKJ1 (Human),ARGFDY,HQYGSSPWT,ND,,""Kanika Vanshylla et al., 2022 (https://www.cell.com/cell-host-microbe/fulltext/S1931-3128(21)00581-3)"""," 2022 (https://www.cell.com/cell-host-microbe/fulltext/S1931-3128(21)00581-3)"""
CARGFDYW,15,BEAM_AND_Dual,638,5,R259-1F4,"R259-1F4,Ab,SARS-CoV2_WT;SARS-CoV1,MERS-CoV;HKU1;OC43,,SARS-CoV2_WT;SARS-CoV1;WIV-1,S; S2,B-cells; SARS-CoV2 Human Patient,QVQLQESGPGLVKPSEILSLTCTVSGGSISSHYWSWIRQPPGKGLEWIGYISYSGSTNYNPSLKSRVTISVDTSKNQFSLKLTSVTAADTAVYYCARGFDYWGQGTLVTVSS,EIVLTQSPGTLSLSPGERATLSCRASQSVNSIYLAWHQQKPGQAPRLLIYGASSRAIGIPDRFSDSGSGTDFTLTISRLEPEDFAVYYCQQYGSSPWTFGQGTKVEIK,IGHV4-59 (Human),IGHJ4 (Human),IGKV3-20 (Human),IGKJ1 (Human),ARGFDY,QQYGSSPWT,ND,,""Kanika Vanshylla et al., 2022 (https://www.cell.com/cell-host-microbe/fulltext/S1931-3128(21)00581-3)"""," 2022 (https://www.cell.com/cell-host-microbe/fulltext/S1931-3128(21)00581-3)"""
CARGFDYW,15,BEAM_AND_Dual,638,5,R410-3D10,"R410-3D10,Ab,SARS-CoV2_WT;SARS-CoV1,MERS-CoV;HKU1;OC43,,SARS-CoV2_WT;SARS-CoV1;WIV-1,S; S2,B-cells; SARS-CoV2 Human Patient,QVQLQESGPGLVKPSETLSLTCTVSGGSISTYYWSWIRQPPGKRLEWIGYIYYSGSTNYNPSLKSRVTISVDTSKNQFSLKLNSVTAADTAIYYCARGFDYWGQGTLVTVSS,EIVLTQSPGTLSLSPGERATLSCRASQTVSSIYLAWFQQKPGQAPRLLIYAASSRAIGIPDRFSGSGSGTDFTLTISRLEPEDFAVYYCLQSGNSPWTFGQGTKVEIK,IGHV4-59 (Human),IGHJ4 (Human),IGKV3-20 (Human),IGKJ1 (Human),ARGFDY,LQSGNSPWT,ND,,""Kanika Vanshylla et al., 2022 (https://www.cell.com/cell-host-microbe/fulltext/S1931-3128(21)00581-3)"""," 2022 (https://www.cell.com/cell-host-microbe/fulltext/S1931-3128(21)00581-3)"""
CARGFDYW,15,BEAM_AND_Dual,638,5,Shiakolas_53181-5,"Shiakolas_53181-5,Ab,SARS-CoV2_WT,,,,S; S2,B-cells; SARS-CoV2_WT Human Patient,QVQLQVSGPGLLKPSETLSLTCIVSGGSISSHYWSWFRQPPGKGLEWIGYIYYSGSTNYNPSLKSRVAISVDTSKNHFSLNLTSVTAADTAVYYCARGFDYWGQGTLVTVSS,EIVLTQSPGTLSLSPGERATLSCRASQSVGSIYLAWYQQKPGQAPRLLIFGASSRAIGIPDRFSGSGSGTDFTLTISRLEPEDFAVYYCQQYGSSPWTFGQGTKVEIK,IGHV4-59 (Human),IGHJ4 (Human),IGKV3-20 (Human),IGKJ1 (Human),ARGFDY,QQYGSSPWT,ND,,""Andrea Shiakolas et al., 2022 (https://www.nature.com/articles/s41587-022-01232-2)"""," 2022 (https://www.nature.com/articles/s41587-022-01232-2)"""
CARGFDLW,6,BEAM_AND_Dual,557,3,ADI-60795,"ADI-60795,Ab,SARS-CoV2_WT,OC43;HKU1,,,S; S2,B-cells; SARS-CoV2 Human Patient,QVQLQESGPGLVKPSETLSLTCTVSGDSISSYYWSWIRQPPGKGLEWIGYIYYSGSTNYNPSLKSRLTISVDTSKNQFSLKLRSVTAADTAVYYCARGFDLWGRGTLVTVSS,ND,IGHV4-59 (Human),ND,IGKV3-20 (Human),ND,ARGFDL,QQYGSSPWT,ND,,""Mrunal Sakharkar et al., 2023 (https://www.science.org/doi/10.1126/sciimmunol.abg6916)"""," 2023 (https://www.science.org/doi/10.1126/sciimmunol.abg6916)"""
CARGFDLW,6,BEAM_AND_Dual,557,3,ADI-62023,"ADI-62023,Ab,SARS-CoV2_WT,OC43;HKU1,,,S; S2,B-cells; SARS-CoV2 Human Patient,EVQLLESGPGLVKPSETLSLTCSVSGDSINTYYWSWIRQPPGKGLEWIGYIYYSGSINYNPSLKNRVTMSVDTSKNQLSLKLSSLTAADTAVYYCARGFDLWGRGTLVTVSS,ND,IGHV4-59 (Human),ND,IGKV3-20 (Human),ND,ARGFDL,LQYTSSPWT,ND,,""Mrunal Sakharkar et al., 2023 (https://www.science.org/doi/10.1126/sciimmunol.abg6916)"""," 2023 (https://www.science.org/doi/10.1126/sciimmunol.abg6916)"""
CARGFDLW,6,BEAM_AND_Dual,557,3,ADI-63264,"ADI-63264,Ab,SARS-CoV2_WT,OC43;HKU1,,,S; S2,B-cells; SARS-CoV2 Human Patient,QVQLQESGPGLVKPSETLSLTCTVSGDSISSYYWSWIRQPPGKGLEYIGYVHYSGSTNYNPSLKSRVTISLDTSKNQFSLKMRSVTAADTAVYFCARGFDLWGQGTLVTVSS,ND,IGHV4-59 (Human),ND,IGKV3-20 (Human),ND,ARGFDL,HQYGNTPWT,ND,,""Mrunal Sakharkar et al., 2023 (https://www.science.org/doi/10.1126/sciimmunol.abg6916)"""," 2023 (https://www.science.org/doi/10.1126/sciimmunol.abg6916)"""
CARGFDLW,6,BEAM_AND_Dual,557,3,R849-1F9,"R849-1F9,Ab,SARS-CoV2_WT;SARS-CoV1,MERS-CoV;HKU1;OC43,,SARS-CoV2_WT;SARS-CoV1;WIV-1,S; S2,B-cells; SARS-CoV2 Human Patient,QVQLQESGPGLVKPSENLSLTCNVAGDSISGYYWSWIRQTPGKGLEFIGYMYYGGSTIYNPSLRTRVTISIDTSKNQFSLNLNSVTAADTAIYYCARGFDLWGRGTLVTVSS,EIVLTQSPGTLSLSPGERATLSCRASQSFSSSYLAWYQQKPGQAPRLLVYAASSRAIGIPDRFIGSGSGTDFTLTINRLEPEDFAVYFCHQYGSSPWTFGQGTKVDIK,IGHV4-59 (Human),IGHJ2 (Human),IGKV3-20 (Human),IGKJ1 (Human),ARGFDL,HQYGSSPWT,ND,,""Kanika Vanshylla et al., 2022 (https://www.cell.com/cell-host-microbe/fulltext/S1931-3128(21)00581-3)"""," 2022 (https://www.cell.com/cell-host-microbe/fulltext/S1931-3128(21)00581-3)"""
CARDLQYYGMDVW,3,BEAM_Only,1178,6,ADI-62965,"ADI-62965,Ab,SARS-CoV2_WT;SARS-CoV2_Alpha;SARS-CoV2_Beta,OC43;HKU1,SARS-CoV2_WT,,S; RBD,B-cells; SARS-CoV2 Human Patient,EVQLLESGGGLIQPGGSLRLSCAASGVIVSRNYMTWVRQAPGKGLEWVSLIYAGGSTFYADSVKGRFTISRDSSNNTLYLQMNSLRAEDTAVYYCARDLQYYGMDVWGQGTTVTVSS,ND,IGHV3-53 (Human),ND,IGKV1-9 (Human),ND,ARDLQYYGMDV,QQVNSYPPIT,ND,,""Mrunal Sakharkar et al., 2023 (https://www.science.org/doi/10.1126/sciimmunol.abg6916)"""," 2023 (https://www.science.org/doi/10.1126/sciimmunol.abg6916)"""
CARDLQYYGMDVW,3,BEAM_Only,1178,6,368.10.D.0026,"368.10.D.0026,Ab,SARS-CoV2_WT,,,,S; Unk,B-cells; SARS-CoV2 Human Patient,EVQLVESGGGLIHPGGSLRLSCAASGFIVSNNYMNWVRQAPGKGLEWVSIIYSGGSTYYADSVKGRFTISRDNSKNTLYLQMNSLRAEDTAVYYCARDLQYYGMDVWGQGTTVTVSS,DIQLTQSPSFLSASVGDRVTITCRASQGISNYLAWYQQKPGKAPKLLIYAASTLQSGVPSRFSGSGSGTEFTLTISSLQPEDFATYYCQQVNSYPFFGPGTKVDIK,IGHV3-53 (Human),IGHJ6 (Human),IGKV1-9 (Human),IGKJ3 (Human),ARDLQYYGMDV,QQVNSYPF,ND,,""Wooseob Kim et al., 2022 (https://www.nature.com/articles/s41586-022-04527-1)"""," 2022 (https://www.nature.com/articles/s41586-022-04527-1)"""
CARSRGGSYYYGMDVW,15,BEAM_Only,853,1,ADI-60756,"ADI-60756,Ab,SARS-CoV2_WT,OC43;HKU1,,,S; S2,B-cells; SARS-CoV2 Human Patient,EVQLVESGGGVVQPGRSLRLSCAASGFTFSTYAMHWVRQAPGKGLEWVAVISYDGTNKYYADSVRGRFTISRDNSKNTLYLQMNSLRAEDTAVYYCARSRGGSYYYGMDVWGQGTTVTVSS,ND,IGHV3-30-3 (Human),ND,IGKV1-5 (Human),ND,ARSRGGSYYYGMDV,QQYNSYLWT,ND,,""Mrunal Sakharkar et al., 2023 (https://www.science.org/doi/10.1126/sciimmunol.abg6916)"""," 2023 (https://www.science.org/doi/10.1126/sciimmunol.abg6916)"""
CARDYGDNGAFDHW,8,BEAM_Only,593,1,ADI-63350,"ADI-63350,Ab,SARS-CoV2_WT,OC43;HKU1,,,S; RBD,B-cells; SARS-CoV2 Human Patient,EVQLLESGGGVIQPGTSLRLSCAASGFTFNIYGMHWVRQAPGKGLEWVAVISYDGSHIYYGDSVKGRFTISRDNSKNTLYLQMNSLRVDDTAVYWCARDYGDNGAFDHWGQGTLVTVSS,ND,IGHV3-30 (Human),ND,IGKV4-1 (Human),ND,ARDYGDNGAFDH,QQYYSTPPIT,ND,,""Mrunal Sakharkar et al., 2023 (https://www.science.org/doi/10.1126/sciimmunol.abg6916)"""," 2023 (https://www.science.org/doi/10.1126/sciimmunol.abg6916)"""
CARPSSGSYFAAFDIW,5,BEAM_Only,1666,1,368.01a.A.0001,"368.01a.A.0001,Ab,SARS-CoV2_WT,,,,S; Unk,B-cells; SARS-CoV2 Human Patient,QVQLVESGGGVVQPGRSLRLSCAASGFTFSSYAMYWVRQAPGKGPEWVAVISYDGINKYYADSVKGRFTISRDNSKNTLYLQINSLRPEDTALYYCARPSSGSYFAAFDIWGQGTKVTVSS,EIVLTQSPGTLSLSPGERATLSCRASQSVSRNYLAWYQQKPGQAPRLLIYGASSRATGIPDKFSGSGSGTDFTLTITRLEPEDFAVYFCQQYGSSPVTFGQGTKVEIK,IGHV3-30 (Human),IGHJ3 (Human),IGKV3-20 (Human),IGKJ1 (Human),ARPSSGSYFAAFDI,QQYGSSPVT,ND,,""Wooseob Kim et al., 2022 (https://www.nature.com/articles/s41586-022-04527-1)"""," 2022 (https://www.nature.com/articles/s41586-022-04527-1)"""
CARHTVATIFDYW,6,BEAM_Only,906,1,ADI-75808,"ADI-75808,Ab,SARS-CoV2_WT;SARS-CoV2_Omicron-BA1;SARS-CoV2_Beta;SARS-CoV2_Delta;SARS-CoV2_Omicron-BA2;SARS-CoV1,,SARS-CoV2_WT;SARS-CoV2_Omicron-BA1,,S; RBD,B-cells (SARS-CoV2 Human Patient+Vaccinee),EVQLVQSGPTLVKPTQTVTLTCTFSGFSFSTSGMGVGWIRQPPGKALEWLALIYWDGDERYSPSLQSRLTIARDTSKNQVVLTMTNMDPVDTATYYCARHTVATIFDYWGQGTLVTVSS,QPVLTQPASVSGSPGQSITISCTGTSSDLGAFNHVSWYQHFPGKAPKLLIYEFTNRPSGVSNRFSGSKSDKTASLTIFGLQAEDEADYYCSAYTSTSTVFGGGTKVTVL,IGHV2-5 (Human),IGHJ4 (Human),IGLV2-14 (Human),IGLJ1 (Human),ARHTVATIFDY,SAYTSTSTV,ND,,Chengzi Kaku et al. 2022 (https://www.science.org/doi/abs/10.1126/sciimmunol.abq3511),26-Jul-22",26-Jul-22
CARGSGGLDYW,5,BEAM_Only,2585,2,WCSL-49,"WCSL-49,Ab,SARS-CoV2_WT,SARS-CoV1,SARS-CoV2_WT,,S; non-RBD,Semi-synthetic Human Fab Library,EVQLVESGGGVVRPGGSLRLSCAASGFTFDDYGMSWVRQAPGKGLEWVSGINWNGGSTGYADSVKGRFTISRDNAKNSLYLQMNSLKDEDTAVYYCARGSGGLDYWGQGTLVTVSS,EIVLTQSPGTLSLSPGERATLSCRASQSVRSNFLAWYQQKPGQAPRLLIYGASSRATGIPDRFSGSGSGTDFTLTISRLEPEDFAVFYCQQYGSSPYTFGQGTNLEIK,IGHV3-20 (Human),IGHJ4 (Human),IGKV3-20 (Human),IGKJ2 (Human),ARGSGGLDY,QQYGSSPYT,ND,,""Adam Wheatley et al., 2021 (https://www.sciencedirect.com/science/article/pii/S2211124721012869)"""," 2021 (https://www.sciencedirect.com/science/article/pii/S2211124721012869)"""
CARESYGMDVW,5,BEAM_Only,1237,2,ADI-63273,"ADI-63273,Ab,SARS-CoV2_WT;SARS-CoV2_Alpha;SARS-CoV2_Beta,OC43;HKU1,SARS-CoV2_WT,,S; RBD,B-cells; SARS-CoV2 Human Patient,EVQLLESGGGLIQPGGSLRLSCAASGLIVSSNYMNWVRQAPGKGLEWVSVIFSGGSTFYADSVKGRFTISRDNSKNTLYLQMNSLRAEDTAVYYCARESYGMDVWGQGTTVTVSS,ND,IGHV3-53 (Human),ND,IGKV1-9 (Human),ND,ARESYGMDV,QQLNSYPPA,ND,,""Mrunal Sakharkar et al., 2023 (https://www.science.org/doi/10.1126/sciimmunol.abg6916)"""," 2023 (https://www.science.org/doi/10.1126/sciimmunol.abg6916)"""
CARESYGMDVW,5,BEAM_Only,1237,2,C1035,"C1035,Ab,SARS-CoV2_WT,,SARS-CoV2_WT,,S; RBD,B-cells; SARS-CoV2_WT Human Patient,EVQLVESGGGLIQPGGSLRLSCAASGLTVSRNYMNWVRQAPGKGLEWVSVMYSGGSTFYADSVKGRFTISRDNSKNTLYLQMNSLRAEDTAVYYCARESYGMDVWGQGTTVTVSS,EIVLTQSPGTLSLSPGERATLSCRASQSFSSTYLAWYQQKPGQAPRLLIYGASSRATGIPDRFSGSGSGTDFTLTISRLEPEDFAVYYCQQYVTSPWTFGQGTKVEIK,IGHV3-53 (Human),IGHJ6 (Human),IGKV3-20 (Human),IGKJ1 (Human),ARESYGMDV,QQYVTSPWT,ND,,""Zijun Wang et al., 2021 (https://www.nature.com/articles/s41586-021-03696-9)"""," 2021 (https://www.nature.com/articles/s41586-021-03696-9)"""
CARESYGMDVW,5,BEAM_Only,1237,2,C1036,"C1036,Ab,SARS-CoV2_WT,,SARS-CoV2_WT,,S; RBD,B-cells; SARS-CoV2_WT Human Patient,EVQLVESGGGLIQPGGSLRLSCAASGLIVSRNYMNWVRQVPGKGLEWVSVMYAGGSTFYADSVKGRFTISRDDSKNTLYLQMNSLRPEDTAVYYCARESYGMDVWGQGTTVTVSS,EIVLTQSPGTLSLSPGERATLSCRASQSISSTYLAWYQQKPGQAPRLLIYGASSRATGIPDRFSGSGSGTDFTLTISRLEPEDFAVYYCQQYVTSPWTFGQGTKVEIK,IGHV3-53 (Human),IGHJ6 (Human),IGKV3-20 (Human),IGKJ1 (Human),ARESYGMDV,QQYVTSPWT,ND,,""Zijun Wang et al., 2021 (https://www.nature.com/articles/s41586-021-03696-9)"""," 2021 (https://www.nature.com/articles/s41586-021-03696-9)"""
CARESYGMDVW,5,BEAM_Only,1237,2,C1206,"C1206,Ab,SARS-CoV2_WT,,SARS-CoV2_WT,,S; RBD,B-cells; SARS-CoV2_WT Vaccinee,EVQLVESGGGLVQPGGSLRLSCAASGLTVSSNYMNWVRQAPGKGLEWVSVIYSGGSTFYADSVKGRFMISRDNSKNTLYLQMNSLRAEDTAVYYCARESYGMDVWGQGTTVTVSS,DIQLTQSPSFLSASVGDRVTITCRASQGISSYLAWYQQKPGKAPKLLIYAASTLQSGVPSRFSGSGSGTEFTLTISSLQPEDFATYYCQQLNSYPPRDTFGQGTKLEIK,IGHV3-66 (Human),IGHJ6 (Human),IGKV1-9 (Human),IGKJ2 (Human),ARESYGMDV,QQLNSYPPRDT,ND,,""Alice Cho et al., 2021 (https://www.nature.com/articles/s41586-021-04060-7)"""," 2021 (https://www.nature.com/articles/s41586-021-04060-7)"""
CARESYGMDVW,5,BEAM_Only,1237,2,C1207,"C1207,Ab,SARS-CoV2_WT,,SARS-CoV2_WT,,S; RBD,B-cells; SARS-CoV2_WT Vaccinee,EVQLVESGGGLVQPGGSLRLSCAASGVIVSSNYMNWVRQAPGKGLEWVSVIYSGGSTFYADSVKGRFTISRDNSKNTLYLQMNSLRAEDTAVYYCARESYGMDVWGQGTTVTVSS,DIQLTQSPSFLSASVGDRVTITCRASQGISSDLAWYQQKPGKAPKLLIYAASTLQSGVPSRFSGSGSGTEFTLTISSLQPEDFATYYCQQLNSYPPRYTFGQGTKLEIK,IGHV3-66 (Human),IGHJ6 (Human),IGKV1-9 (Human),IGKJ2 (Human),ARESYGMDV,QQLNSYPPRYT,ND,,""Alice Cho et al., 2021 (https://www.nature.com/articles/s41586-021-04060-7)"""," 2021 (https://www.nature.com/articles/s41586-021-04060-7)"""
CARESYGMDVW,5,BEAM_Only,1237,2,P008_042,"P008_042,Ab,SARS-CoV2_WT,SARS-CoV1,SARS-CoV2_WT,,S; RBD,B-cells; SARS-CoV2_WT Human Patient,EVQLVESGGGLVQPGGSLRLSCAASGITVSSNYMNWVRQAPGKGLEWVSVIYSGGSTFYADSVKGRFTISRDNSKNTLYLQMNSLRAEDTAVYYCARESYGMDVWGQGTTITVSS,EIVLTQSPGTLSLSPGERATLSCRASQSISSTYLAWYQQKPGQAPRLLIHGASSRATGISDRISGSGSGTDFILTISRLEPEDFAVYYCQQYGSSPGTFGQGTKVEIK,IGHV3-66 (Human),IGHJ6 (Human),IGKV3-20 (Human),IGKJ1 (Human),ARESYGMDV,QQYGSSPGT,ND,,""Carl Graham et al., 2021 (https://www.sciencedirect.com/science/article/pii/S1074761321001357)"""," 2021 (https://www.sciencedirect.com/science/article/pii/S1074761321001357)"""
CARESYGMDVW,5,BEAM_Only,1237,2,Wang-C382,"Wang-C382,Ab,SARS-CoV2_WT,,SARS-CoV2_WT,,S; RBD,B-cells; SARS-CoV2_WT Human Patient,EVQLVESGGGLIQPGGSLRLSCAASGLTVSRNYMNWVRQAPGKGLEWVSVMYSGGSTFYADSVKGRFTISRDNSKNTLYLQMNSLRAEDTAVYYCARESYGMDVWGQGTTVTVSS,EIVLTQSPGTLSLSPGERATLSCRASQSFSSTYLAWYQQKPGQAPRLLIYGASSRATGIPDRFSGSGSGTDFTLTISRLEPEDFAVYYCQQYVTSPWTFGQGTKVEIK,IGHV3-53 (Human),IGHJ6 (Human),IGKV3-20 (Human),IGKJ1 (Human),ARESYGMDV,QQYVTSPWT,ND,,""Zijun Wang et al., 2021 (https://stm.sciencemag.org/content/13/577/eabf1555)"""," 2021 (https://stm.sciencemag.org/content/13/577/eabf1555)"""
CARARGGSYYYGMDVW,4,BEAM_Only,3316,1,ADI-63244,"ADI-63244,Ab,SARS-CoV2_WT,OC43;HKU1,,,S; S2,B-cells; SARS-CoV2 Human Patient,EVQLLESGGGVVQPGRSLRLSCAASGFTFSTHALHWVRQAPGRGLEWMTLISYDGINKYYADSVNGRFTISRDNSKNTLYLQMNSLRPEDTAVYYCARARGGSYYYGMDVWGQGTTVTVSS,ND,IGHV3-30 (Human),ND,IGKV1D-39 (Human),ND,ARARGGSYYYGMDV,QQSYSSPLT,ND,,""Mrunal Sakharkar et al., 2023 (https://www.science.org/doi/10.1126/sciimmunol.abg6916)"""," 2023 (https://www.science.org/doi/10.1126/sciimmunol.abg6916)"""
CARSRGGNYYYGMDVW,5,BEAM_Only,1773,1,ADI-60578,"ADI-60578,Ab,SARS-CoV2_WT,OC43;HKU1,,,S; S2,B-cells; SARS-CoV2 Human Patient,QVQLVQSGGGVVQPGRSLRLSCAASGFTFSSYAIHWVRQAPGKGLEWVAVISYDGINKYYADSVKGRFTISRDNSKNTLYLQMNSLRAEDTAVYYCARSRGGNYYYGMDVWGQGTTVTVSS,ND,IGHV3-30-3 (Human),ND,IGLV1-51 (Human),ND,ARSRGGNYYYGMDV,GTWDSSLSVV,ND,,""Mrunal Sakharkar et al., 2023 (https://www.science.org/doi/10.1126/sciimmunol.abg6916)"""," 2023 (https://www.science.org/doi/10.1126/sciimmunol.abg6916)"""
CARGFDIW,8,BEAM_Only,1544,1,368.22.A.0194,"368.22.A.0194,Ab,SARS-CoV2_WT,,,,S; Unk,B-cells; SARS-CoV2 Human Patient,QVQLQESGPGLVKPSETLSLTCTVSGDSISSYYWSWIRQSPGKGLEWIGYIYYSGSTNYNPSLKSRVTISVDTSKSQFSLKLSSVTAADTAVYYCARGFDIWGQGTMVTVSS,EIVLTQSPGTLSLSPGEGATLSCRASQSVSSSYLAWYQQKPGQAPRLLIYGASSRAIGIPDRFSGSGSGTDFTLTISRLEPEDFAVYYCQQYGSSPWTFGQGTKVEIK,IGHV4-59 (Human),IGHJ3 (Human),IGKV3-20 (Human),IGKJ1 (Human),ARGFDI,QQYGSSPWT,ND,,""Wooseob Kim et al., 2022 (https://www.nature.com/articles/s41586-022-04527-1)"""," 2022 (https://www.nature.com/articles/s41586-022-04527-1)"""
CARDLVVYGMDVW,20,BEAM_Only,463,4,ADI-75716,"ADI-75716,Ab,SARS-CoV2_Omicron-BA1;SARS-CoV2_Beta;SARS-CoV2_Delta;SARS-CoV2_Omicron-BA2;SARS-CoV1,SARS-CoV2_WT,SARS-CoV2_WT;SARS-CoV2_Omicron-BA1,,S; RBD,B-cells (SARS-CoV2 Human Patient+Vaccinee),QVQLQQSGGGLVQPGGSLRLSCVASGITVSANYMNWVRQAPGKGLEWVSVLYSGGTTYYADSVKGRFTISRDNSKNTLYLQMNSLRAEDTAVYYCARDLVVYGMDVWGQGTTVTVSS,DIQMTQSPSFLSASVGDRVTITCRASQGISNYLAWYQQKPGKAPKLLIYAASTLQSGVPSRFSGGGSGTEFTLTISSLQPEDFATYYCQQLNSNPPITFGQGTRLEIK,IGHV3-66 (Human),IGHJ6 (Human),IGKV1-9 (Human),IGKJ5 (Human),ARDLVVYGMDV,QQLNSNPPIT,ND,,Chengzi Kaku et al. 2022 (https://www.science.org/doi/abs/10.1126/sciimmunol.abq3511),26-Jul-22",26-Jul-22
CARDLVVYGMDVW,20,BEAM_Only,463,4,BD-599,"BD-599,Ab,SARS-CoV2_WT;SARS-CoV1;Pangolin-GD,,SARS-CoV2_WT;Pangolin-GD,SARS-CoV1;SARS-CoV2_Omicron-BA1;SARS-CoV2_Omicron-BA1.1;SARS-CoV2_Omicron-BA3;SARS-CoV2_Omicron-BA2;SARS-CoV2_Omicron-BA2.12.1;SARS-CoV2_Omicron-BA2.13;SARS-CoV2_Omicron-BA4/5;SARS-CoV2_Omicron-BA2.75;SARS-CoV2_Omicron-BA5;SARS-CoV2_Omicron-XBB,S; RBD,B-cells (SARS-CoV2 Human Patient/Vaccinee),EVQLVESGGGLVQPGGSLRLSCAASGFTVSRNYMSWVRQAPGKGLEWVSVIYSGGTTHYADSVKGRFTISRHNSKNTLYLQMNSLRAEDTAVYYCARDLVVYGMDVWGQGTTVTVSS,DIQLTQSPSFLSASVGDRVTITCRASQGISSYLAWYQQKPGKAPKLLIYAASTLQSGVPSSFSGSGSGTEFTLTISSLQPEDFATYYCQQLNSYPLTFGGGTKVEIK,IGHV3-53 (Human),IGHJ6 (Human),IGKV1-9 (Human),IGKJ4 (Human),ARDLVVYGMDV,QQLNSYPLT,ND,,""Yunlong Cao et al. 2022 (https://www.nature.com/articles/s41586-022-04980-y#Sec4) and Yunlong Cao et al., 2022 (https://www.biorxiv.org/content/10.1101/2022.09.15.507787v2)"""," 2022 (https://www.biorxiv.org/content/10.1101/2022.09.15.507787v2)"""
CARDLVVYGMDVW,20,BEAM_Only,463,4,BD55-1451,"BD55-1451,Ab,SARS-CoV2_WT;SARS-CoV2_Omicron-BA2.12.1;SARS-CoV2_Omicron-BA1;SARS-CoV2_Omicron-BA2;SARS-CoV2_Omicron-BA2.75;SARS-CoV2_Omicron-BA5,,SARS-CoV2_WT;SARS-CoV2_Omicron-BA2.12.1 (weak);SARS-CoV2_Omicron-BA1;SARS-CoV2_Omicron-BA2;SARS-CoV2_Omicron-BA2.75 (weak);SARS-CoV2_Omicron-BA5,SARS-CoV1;SARS-CoV2_Omicron-XBB,S; RBD,B-cells (SARS-CoV2 Human Patient and/or Vaccinee),EVQLVESGGGLIQPGGSLRLSCTASGVIVSKNYMNWVRQAPGKGLEWVSLIYSGGSTFYADSVRGRFTISRDNSKNTLYLQMNSLRAEDTAVYYCARDLVVYGMDVWGQGTTVTVSS,DIQLTQSPSFLSAFVGDRVTITCRASQGISNYLAWYQQKPGKAPKLLIYGASTLQSGVPSRFSGSGSGTDFTLTISSLQPEDFATYYCQLLNSDRYTFGQGTKLEIK,IGHV3-53 (Human),IGHJ6 (Human),IGKV1-9 (Human),IGKJ2 (Human),ARDLVVYGMDV,QLLNSDRYT,ND,,""Yunlong Cao et al. 2022 (https://www.nature.com/articles/s41586-022-04980-y#Sec4) and Yunlong Cao et al., 2022 (https://www.biorxiv.org/content/10.1101/2022.09.15.507787v2)"""," 2022 (https://www.biorxiv.org/content/10.1101/2022.09.15.507787v2)"""
CARDLVVYGMDVW,20,BEAM_Only,463,4,XGv-301,"XGv-301,Ab,SARS-CoV2_WT;SARS-CoV2_Omicron-BA2.12.1;SARS-CoV2_Omicron-BA1;SARS-CoV2_Omicron-BA2;SARS-CoV2_Omicron-BA2.75;SARS-CoV2_Omicron-BA5,,SARS-CoV2_WT;SARS-CoV2_Omicron-BA2.12.1;SARS-CoV2_Omicron-BA1;SARS-CoV2_Omicron-BA2;SARS-CoV2_Omicron-BA2.75;SARS-CoV2_Omicron-BA5,SARS-CoV2_Omicron-XBB,S; RBD,B-cells (SARS-CoV2 Human Patient and/or Vaccinee),EVQLVESGGGLIQPGGSLRLSCAASGITVSSNYMRWVRQAPGKGLEWVSLLYSGGTAFYADSVKGRFTISRDNSKNTLFLQMNSLRDEDTAVYYCARDLVVYGMDVWGQGTTVTVSS,DIQLTQSPSSLSASVGDRVTITCRASQGISSYLAWYQQKPGKAPKLLIYGASTLQSGVPSRFSGSGSGTDFTLTISSLQPEDFAIYYCQQLNSDFLTFGGGTKVEIK,IGHV3-53 (Human),IGHJ6 (Human),IGKV1-9 (Human),IGKJ4 (Human),ARDLVVYGMDV,QQLNSDFLT,ND,,""Yunlong Cao et al. 2022 (https://www.nature.com/articles/s41586-022-04980-y#Sec4) and Yunlong Cao et al., 2022 (https://www.biorxiv.org/content/10.1101/2022.09.15.507787v2)"""," 2022 (https://www.biorxiv.org/content/10.1101/2022.09.15.507787v2)"""
CARDLVVYGMDVW,20,BEAM_Only,463,4,23D52,"23D52,Ab,SARS-CoV2_WT,,SARS-CoV2_WT,,S; RBD,B-cells; SARS-CoV2 Human Patient,EVQLVESGGGLVQPGGSLRLSCAASGITVSSNYMNWVRQAPGKGLEWVSVLYSGGSTDYADSVKGRFTISRDNSKNTLYLQMNSLRAEDTAVYYCARDLVVYGMDVWGQGTTVTVSS,DIQLTQSPSFLSASVGDRVTITCRASQGISSYLAWYQQTPGKAPKLLIYAASTLQSGVPSRFSGSGSGTEFTLTISSLQPEDFATYYCQQLNSYPFTFGPGTKVHIK,IGHV3-66 (Human),IGHJ6 (Human),IGKV1-9 (Human),IGKJ3 (Human),ARDLVVYGMDV,QQLNSYPFT,ND,,CN112500481A (https://patents.google.com/patent/CN112500481A/en),31-Jan-22",31-Jan-22
CARDLVVYGMDVW,20,BEAM_Only,463,4,A8-1,"A8-1,Ab,SARS-CoV2_WT,,SARS-CoV2_WT,,S; RBD,TBC,EVQLVESGGGLIQPGGSLRLSCAASGLTVSSNYMTWVRQAPGKGLEWVSVIYSGGSTFYAESVKGRFTISRDNSKNTLYLQMNSLRAEDTAVYYCARDLVVYGMDVWGQGTTVIVSS,IQLTQSPSFLSASVGDRVTITCRASQGISSDLAWYQQKPGKAPKLLIYAASTLQSGVPSRFSGSGSGTEFTLTISSLQPEDFATYYCQQLNSHPLAFGPGTKVDIK,IGHV3-53 (Human),IGHJ6 (Human),IGKV1-9 (Human),IGKJ3 (Human),ARDLVVYGMDV,QQLNSHPLA,https://www.rcsb.org/structure/7F7H,,PDB (To Be Published),26-Jul-22",26-Jul-22
CARDLVVYGMDVW,20,BEAM_Only,463,4,Beta-27,"Beta-27,Ab,SARS-CoV2_WT;SARS-CoV2_Alpha;SARS-CoV2_Beta;SARS-CoV2_Gamma;SARS-CoV2_Delta;SARS-CoV2_Eta;SARS-CoV2_Omicron-BA1;SARS-CoV2_Omicron-BA4,,SARS-CoV2_WT;SARS-CoV2_Alpha;SARS-CoV2_Beta;SARS-CoV2_Gamma;SARS-CoV2_Delta;SARS-CoV2_Eta;SARS-CoV2_Omicron-BA1 (weak);SARS-CoV2_Omicron-BA1.1;SARS-CoV2_Omicron-BA2;SARS-CoV2_Omicron-BA4,,S; RBD,B-cells (SARS-CoV2_Beta Human Patient),EVQLLESGGGLVQPGGSLRLSCAASGLTVRSNYMNWVRQAPGKGLEWVSLIYSGGSTFYADSVKGRFTISRHDSKNTLYLQMNSLRAEDTAVYYCARDLVVYGMDVWGQGTTVTVSS,DIQMTQSPGTLSLSPGERATLSCRASQSVSSSSLAWYQQKHGQAPRLLIYGTSSRATGIPDRFSGSGSGTDFTLTISGLEPEDFAVYYCQQYGSSPLFGGGTKVEIK,IGHV3-66 (Human),IGHJ6 (Human),IGKV3-20 (Human),IGKJ4 (Human),ARDLVVYGMDV,QQYGSSPL,https://www.rcsb.org/structure/7PS1;https://www.rcsb.org/structure/7ZXU;https://www.rcsb.org/structure/8BH5,,""Chang Liu et al., 2021 (https://www.sciencedirect.com/science/article/pii/S1931312821005199) and Wanwisa Dejnirattisai et al.", 2021 (https://www.sciencedirect.com/science/article/pii/S1931312821005199) and Wanwisa Dejnirattisai et al.
CARDLVVYGMDVW,20,BEAM_Only,463,4,CN111690059A-1D7,"CN111690059A-1D7,Ab,SARS-CoV2_WT,,SARS-CoV2_WT,,S; RBD,ND,EVQLVESGGGWIQPGGSLRLSCAASGLTVSSNYMSWVRQAPGKGLEWVSVIYSGGSTYYADSVKGRFTISRDNSKNTLYLQMNSLRAEDTAVYYCARDLVVYGMDVWGQGTTVTVSS,AIRMTQSPSSLSASVGDRVTITCRASQSISSYLNWYQQKPGKAPKLLIYAASSLQSGVPSRFSGSGSGTDFTLTISSLQPEDFATYYCQQSYSTLGMYTFGQGTKLEIK,IGHV3-53 (Human),IGHJ6 (Human),IGKV1-39 (Human),IGKJ2 (Human),ARDLVVYGMDV,QQSYSTLGMYT,ND,,CN111690059A (https://patents.google.com/patent/CN111690059A/en),18-Nov-20",18-Nov-20
CARDLVVYGMDVW,20,BEAM_Only,463,4,P2C-1F11,"P2C-1F11,Ab,SARS-CoV2_WT;SARS-CoV1;SARS-CoV2_Omicron-BA1;SARS-CoV2_Omicron-BA1.1;SARS-CoV2_Omicron-BA3;SARS-CoV2_Omicron-BA2;SARS-CoV2_Omicron-BA2.12.1;SARS-CoV2_Omicron-BA2.13;SARS-CoV2_Omicron-BA4/5;Pangolin-GD;RatG13;SARS-CoV2_Omicron-BA2.38;SARS-CoV2_Omicron-BA2.75;SARS-CoV2_Omicron-BA4.6;SARS_CoV2_Omicron-BA4.7;SARS-CoV2_Omicron-BA5.9;GX/P2V/2017 (weak);SARS-CoV2_Omicron-BL1;SARS-CoV2_Omicron-BM4.1.1;SARS-CoV2_Omicron-BN1;SARS-CoV2_Omicron-BA2.75.4;SARS-CoV2_Omicron-BA2.75.5;SARS-CoV2_Omicron-BA2.75.6;SARS-CoV2_Omicron-BA2.75.7;SARS-CoV2_Omicron-BQ1.1;SARS-CoV2_Omicron-XBB,,SARS-CoV2_WT;SARS-CoV2_Omicron-BA1 (weak);SARS-CoV2_Omicron-BA1.1 (weak);SARS-CoV2_Omicron-BA3 (weak);SARS-CoV2_Omicron-BA2 (weak);SARS-CoV2_Omicron-BA2.12.1 (weak);SARS-CoV2_Omicron-BA2.13 (weak);SARS-CoV2_Omicron-BA4/5 (weak);Pangolin-GD;RatG13;SARS-CoV2_Omicron-BA2.75 (weak);SARS-CoV2_Omicron-BA2.38 (weak);SARS-CoV2_Omicron-BA4.6 (weak);SARS-CoV2_Omicron-BA4.7 (weak);SARS-CoV2_Omicron-BA5.9 (weak);SARS-CoV2_Omicron-BL1 (weak);SARS-CoV2_Omicron-BM4.1.1 (weak);SARS-CoV2_Omicron-BN1 (weak);SARS-CoV2_Omicron-BA2.75.4 (weak);SARS-CoV2_Omicron-BA2.75.5 (weak);SARS-CoV2_Omicron-BA2.75.6;SARS-CoV2_Omicron-BA2.75.7 (weak);SARS-CoV2_Omicron-BQ1.1 (weak);SARS-CoV2_Omicron-XBB (weak),SARS-CoV1;SARS-CoV2_Omicron-CH1;SARS-CoV2_Omicron-CH1.1;SARS-CoV2_Omicron-DS1;SARS-CoV2_Omicron-BA2.75.1;SARS-CoV2_Omicron-BA2.75.2,S; RBD,B-cells; SARS-CoV2_WT Human Patient,EVQLVESGGGLVQPGGSLRLSCAASGITVSSNYMNWVRQAPGKGLEWVSLIYSGGSTYYADSVKGRFTISRDNSKNTLYLQMNSLRAEDTAVYHCARDLVVYGMDVWGQGTTVTVSS,EIVLTQSPGTLSLSPGERATLSCRASQSVSSSYLAWYQQKPGQAPRLLIYGASSRATGIPDRFSGSGSGTDFTLTISRLEPEDFAVYYCQQYGSSPTFGQGTKLEIK,IGHV3-11 (Human),IGHJ5 (Human),IGKV1-9 (Human),IGKJ4 (Human),ARDLVVYGMDV,QQYGSSPT,http://www.rcsb.org/structure/7CDI;https://www.rcsb.org/structure/7E8M;https://www.rcsb.org/structure/8GX9;https://www.rcsb.org/structure/7XNF,,""PDB (http://www.rcsb.org/structure/7CDI) and Lihong Liu et al., 2021 (https://www.biorxiv.org/content/10.1101/2021.12.14.472719v3) and Sho Iketani et al.", 2021 (https://www.biorxiv.org/content/10.1101/2021.12.14.472719v3) and Sho Iketani et al.
CARDLVVYGMDVW,20,BEAM_Only,463,4,XGv017,"XGv017,Ab,SARS-CoV2_WT;SARS-CoV2_Alpha;SARS-CoV2_Beta;SARS-CoV2_Gamma;SARS-CoV2_Delta;SARS-CoV2_Omicron-BA1;SARS-CoV2_Omicron-BA2,,SARS-CoV2_WT;SARS-CoV2_Alpha;SARS-CoV2_Beta;SARS-CoV2_Gamma;SARS-CoV2_Delta;SARS-CoV2_Omicron-BA1 (weak);SARS-CoV2_Omicron-BA2 (weak),SARS-CoV2_Omicron-BA1;SARS-CoV2_Omicron-BA2.12.1;SARS-CoV2_Omicron-BA2.75;SARS-CoV2_Omicron-BA5;SARS-CoV2_Omicron-XBB,S; RBD,B-cells; SARS-CoV2_WT Vaccinee,EVQLVESGGGLIQPGGSLRLSCAASGVTVSSNYMNWVRQAPGKGLEWVSVIYPGGTRDYSDSVKGRFTISRDSSKNTLYLQMNSLRDEDTAFYYCARDLVVYGMDVWGQGTTVTVTS,DIQLTQSPSSLSASVGDRVTITCRASQGISSYLAWYQQKPGKAPKLLIYAASTLQSGVPSRFSGSGSGTDFTLTISSLQPEDFAAYYCQLLNTYPLTFGGGTKVEIK,IGHV3-53 (Human),IGHJ6 (Human),IGKV1-9 (Human),IGKJ4 (Human),ARDLVVYGMDV,QLLNTYPLT,ND,,""Kang Wang et al., 2022 (https://www.nature.com/articles/s41586-022-04466-x) and Yunlong Cao et al. 2022 (https://www.nature.com/articles/s41586-022-04980-y#Sec4) and Yunlong Cao et al.", 2022 (https://www.nature.com/articles/s41586-022-04466-x) and Yunlong Cao et al. 2022 (https://www.nature.com/articles/s41586-022-04980-y#Sec4) and Yunlong Cao et al.
CAAPYCSGGSCHDGFDIW,2,BEAM_Only,1164,4,PDI-204,"PDI-204,Ab,SARS-CoV2_WT,,SARS-CoV2_WT,,S; RBD,B-cells; SARS-CoV2 Human Patient,QVQLVQSGPEVKKPGTSVKVSCKASGFNFYYSAVQWVRQARGQGLEWIGWIVVGSGNTNYAQKFQERVTITRDMSTSTAYMELSSLTSEDAAVYYCAAPYCSGGSCHDGFDIWGQGTMVTVSS,EIVLTQSPGSLSLSPGERATLSCRASQSVRSNYLAWYQQKPGQAPRVLIYGASSRATGIPDRFSGSGSGTDFTLTISRLEPEDFAVYHCQQYGSSPWTFGQGTKVEIK,IGHV1-58 (Human),IGHJ3 (Human),IGKV3-20 (Human),IGKJ1 (Human),AAPYCSGGSCHDGFDI,QQYGSSPWT,ND,,""Adam Wheatley et al., 2021 (https://www.sciencedirect.com/science/article/pii/S2211124721012869)"""," 2021 (https://www.sciencedirect.com/science/article/pii/S2211124721012869)"""
CAKDDSSGYHNYFDYW,5,BEAM_Only,1585,2,AZ076,"AZ076,Ab,""SARS-CoV2_WT, SARS-CoV2_Delta"",,""SARS-CoV2_WT, SARS-CoV2_Delta"",,S; RBD,""B-Cells, SARS-CoV2 double vaccinated human"",EVQLLESGGGLVQPGGSLRLSCAASGFTFSSYAMSWVRQAPGKGLEWVSAVSGSGHSTYYADSVKGRFTISRDNSNNTLYLQMNSLRAEDTAVYYCAKDDSSGYHNYFDYWGQGTLVTVSS,DIQLTQSPSSLSASVGDRVTITCRASQSISSYLNWYQQKPGKAPKLLIYAASSLQSGVPSRFSGSGSGTDFTLTISSLQPEDFATYYCQQSYNTPPLTFGGGTKVEIK,IGHV3-23 (Human),IGHJ4 (Human),IGKV1-39 (Human),IGKJ4 (Human),AKDDSSGYHNYFDY,QQSYNTPPLT,",
CARGDGYTDYYYGLDVW,5,BEAM_Only,1392,2,B2058,"B2058,Ab,SARS-CoV2_WT;SARS-CoV2_Omicron-BA1;SARS-CoV2_Omicron-BA2,,SARS-CoV2_WT;SARS-CoV2_Omicron-BA1;SARS-CoV2_Omicron-BA2,,S; RBD,B-cells; SARS-CoV2 Human Patient,EVQLVESGGGLIQPGGSLRLSCAASGLTVSSNYMSWVRQAPGKGLEWVSVIYPGGSTFYADSVKGRFTISRDNSKNTLYLQLNSLRADDTAVYFCARGDGYTDYYYGLDVWGQGTTVTVSS,DIQLTQSPSSLSASVGDRVTITCRASQSISSYLNWYQQKPGKAPKLLIYAASSLQSGVPSRFSGSGSGTDFTLTISSLQPEDFATYYCQQRGFGQGTKVEIK,IGHV3-53 (Human),IGHJ6 (Human),IGKV1-39 (Human),IGKJ1 (Rhesus),ARGDGYTDYYYGLDV,QQRG,ND,,""Leander Witte et al., 2022 (https://www.nature.com/articles/s41467-023-35927-0)"""," 2022 (https://www.nature.com/articles/s41467-023-35927-0)"""
CARDYGDYVTWFDSW,6,BEAM_Only,835,1,BD56-110,"BD56-110,Ab,SARS-CoV2_WT;SARS-CoV1;SARS-CoV2_Omicron-BA1;SARS-CoV2_Omicron-BA1.1;SARS-CoV2_Omicron-BA3;SARS-CoV2_Omicron-BA2;SARS-CoV2_Omicron-BA2.12.1;SARS-CoV2_Omicron-BA2.13;SARS-CoV2_Omicron-BA4/5;SARS-CoV2_Omicron-BA2.75;SARS-CoV2_Omicron-BA5;SARS-CoV2_Omicron-XBB,,SARS-CoV2_WT;SARS-CoV1;SARS-CoV2_Omicron-BA1;SARS-CoV2_Omicron-BA1.1 (weak);SARS-CoV2_Omicron-BA3 (weak);SARS-CoV2_Omicron-BA2;SARS-CoV2_Omicron-BA2.12.1;SARS-CoV2_Omicron-BA2.13;SARS-CoV2_Omicron-BA4/5;SARS-CoV2_Omicron-BA2.75;SARS-CoV2_Omicron-BA5;SARS-CoV2_Omicron-XBB (weak),,S; RBD,B-cells (SARS-CoV2 Human Patient and/or Vaccinee),QVQLVESGGGVVQPGRSLRLSCAASGFTFSSHAMHWVRQAPGKGLEWVAVILNDGTYKDYGDSVKGRFTISRDNSKNTLYLQMNSLRVEDTAVYYCARDYGDYVTWFDSWGQGTLVSVSS,DIQMTQSPSSLSASIGDRVTITCRASQSIRRDLNWYQQKPGNAPKLLIYSASSLQSGVPSRFSGSGSGTEFTLSISSLQPEDLATYYCQQSYNTPPWTFGQGTKVEVK,IGHV3-30 (Human),IGHJ5 (Human),IGKV1-39 (Human),IGKJ1 (Human),ARDYGDYVTWFDS,QQSYNTPPWT,ND,,""Yunlong Cao et al. 2022 (https://www.nature.com/articles/s41586-022-04980-y#Sec4) and Yunlong Cao et al., 2022 (https://www.biorxiv.org/content/10.1101/2022.09.15.507787v2)"""," 2022 (https://www.biorxiv.org/content/10.1101/2022.09.15.507787v2)"""
CARLRWGDSW,5,BEAM_Only,629,1,368.01a.A.0109,"368.01a.A.0109,Ab,SARS-CoV2_WT,,,,S; Unk,B-cells; SARS-CoV2 Human Patient,EVHLVESGGGLVQPGGSLRLSCAASGLTVSRNYMYWVRQTPGKRLEWVSVIYSGGSTFYADSVKGRFTISRDNSKNTLYLQMNSLRAEDTAVYYCARLRWGDSWGQGTLVTVSS,DIQMTQSPSSLSASVGDRVTITCQASQDISKYLNWYQQKPGKAPNLLIYDASNLETGVPSRFSGSGSGTDFTFTISSLQPEDIATYYCLQYDNLPITFGQGTRLEIK,IGHV3-53 (Human),IGHJ5 (Human),IGKV1-33 (Human),IGKJ5 (Human),ARLRWGDS,LQYDNLPIT,ND,,""Wooseob Kim et al., 2022 (https://www.nature.com/articles/s41586-022-04527-1)"""," 2022 (https://www.nature.com/articles/s41586-022-04527-1)"""
CARGGGHYYGMDVW,1,BEAM_Only,1409,1,C1303,"C1303,Ab,SARS-CoV2_WT,,SARS-CoV2_WT,,S; RBD,B-cells; SARS-CoV2_WT Vaccinee,EVQLVESGGGLIQPGGSLRLSCAASGITVSSNYMSWVRQAPGKGPEWVSTLHSGGSTFYADSVKGRFTISRDDSKNTLYLQMNSLRAEDTAVYYCARGGGHYYGMDVWGQGTTVTVSS,DIQLTQSPSFLSASVGDRVTITCRASQGISHYLAWYQQKPGKAPKLLIYGASTLQNGVPSRFSGSGSGTEFTLTISSLQPEDFATYYCQRLNSYPPITFGQGTRLEIK,IGHV3-53 (Human),IGHJ6 (Human),IGKV1-9 (Human),IGKJ5 (Human),ARGGGHYYGMDV,QRLNSYPPIT,ND,,""Alice Cho et al., 2021 (https://www.nature.com/articles/s41586-021-04060-7)"""," 2021 (https://www.nature.com/articles/s41586-021-04060-7)"""
CARGGGHYYGMDVW,1,BEAM_Only,1409,1,C637,"C637,Ab,SARS-CoV2_WT,,SARS-CoV2_WT (weak),,S; RBD,B-cells; SARS-CoV2_WT Human Patient,EVQLVESGGGLIQPGGSLRLSCAASGVTVRSNYMSWVRQAPGKGLEWVSVIYSGGSTFYADSVKGRFTISRDNSKNTLYLQMNSLRAEDTAVYYCARGGGHYYGMDVWGQGTTVTVSS,DIQLTQSPSFLSASVGDRVTITCRASQGISSYLAWYQQKPGKAPKLLIYAASTLQSGVPSRFSGSGSGTEFTLTISSLQPEDFATYYCQQLNSYPPYTFGQGTKLEIK,IGHV3-53 (Human),IGHJ6 (Human),IGKV1-9 (Human),IGKJ2 (Human),ARGGGHYYGMDV,QQLNSYPPYT,ND,,""Zijun Wang et al., 2021 (https://www.nature.com/articles/s41586-021-03324-6)"""," 2021 (https://www.nature.com/articles/s41586-021-03324-6)"""
CARDLGVVGATDYW,7,BEAM_Only,1738,1,TH281,"TH281,Ab,SARS-CoV2_WT;SARS-CoV2_Delta;SARS-CoV2_Omicron-BA1.1;SARS-CoV2_Omicron-BA2;SARS-CoV2_Omicron-BA2.12.1;SARS-CoV2_Omicron-BA4/5,,SARS-CoV2_WT;SARS-CoV2_Delta;SARS-CoV2_Omicron-BA1.1;SARS-CoV2_Omicron-BA2;SARS-CoV2_Omicron-BA2.12.1;SARS-CoV2_Omicron-BA4/5,,S; RBD,B-cells; SARS-CoV2 Human Patient; Omicron Breakthrough Infection,EVQLVESGGGLVQPGGSLRLSCAASEITVSRNYMSWVRQAPGKGLEWVSVMFAGGSTFYADSVKGRFTISRDNSKNTLYLQMNSLRAEDTAVYYCARDLGVVGATDYWGQGTLVTVSS,EIVMTQSPATLSVSPGERATLSCRASQSVSSDLAWYQQKPGQAPRLLIYGASTRATGIPARFSGSGSGTEFTLTISSLQSEDSAVYYCQQYNNWPPGYTFGQGTKLEIK,IGHV3-66 (Human),IGHJ4 (Human),IGKV3-15 (Human),IGKJ2 (Human),ARDLGVVGATDY,QQYNNWPPGYT,https://www.rcsb.org/structure/7YVM;https://www.rcsb.org/structure/7YVN;https://www.rcsb.org/structure/7YVP,,""Yu Guo et al., 2023 (https://www.nature.com/articles/s41467-023-39267-x)"""," 2023 (https://www.nature.com/articles/s41467-023-39267-x)"""
CARDLGVVGATDYW,7,BEAM_Only,1738,1,TH132,"TH132,Ab,SARS-CoV2_WT;SARS-CoV2_Delta;SARS-CoV2_Omicron-BA1.1;SARS-CoV2_Omicron-BA2;SARS-CoV2_Omicron-BA4/5,,SARS-CoV2_WT;SARS-CoV2_Delta;SARS-CoV2_Omicron-BA1.1;SARS-CoV2_Omicron-BA2;SARS-CoV2_Omicron-BA4/5,,S; RBD,B-cells; SARS-CoV2 Human Patient; Omicron Breakthrough Infection,EVQLVESGGGLVQPGGSLRLSCAASGITVSRNYMSWVRQAPGKGLEWVSVMFAGGSTFYADSVKGRFTISRDNSKNTLYLQMNSLRAEDTAVYYCARDLGVVGATDYWGQGTLVTVSS,ERVMTQSPATLSVSPGERATLSCRASESVSSDLAWYQQKPGQAPRLLIYGASTRATGIPARFSGSGSGTEFTLTISSLQSEDSAVYYCQQYNNWPPGYTFGQGTKLEIK,IGHV3-66 (Human),IGHJ4 (Human),IGKV3-15 (Human),IGKJ2 (Human),ARDLGVVGATDY,QQYNNWPPGYT,https://www.rcsb.org/structure/7YVG;https://www.rcsb.org/structure/7YVH;https://www.rcsb.org/structure/7YVO,,""Yu Guo et al., 2023 (https://www.nature.com/articles/s41467-023-39267-x)"""," 2023 (https://www.nature.com/articles/s41467-023-39267-x)"""
CTRGFDYW,1,BEAM_Only,519,1,PDI-211,"PDI-211,Ab,SARS-CoV2_WT,,,SARS-CoV2_WT,S; non-RBD,B-cells; SARS-CoV2 Human Patient,QVQLQESGPGLVKPSETLSLTCTVSGDSISSYYWSWIRQPPGKGLEYIGYIYYSGSTNYNPSLKSRVTISVDTAKNQFSLKLRSVTAADTAIYYCTRGFDYWGQGTLVTVSS,EIVLTQSPGSLSLSPGERATLSCRASQSINSIYLAWYQQRPGQAPRLFIYATSSRAIGIPDRFSGSGSGTDFTLTISRLEPEDFAVYYCQQYGSSPWTFGQGTKVDIK,IGHV4-59 (Human),IGHJ4 (Human),IGKV3-20 (Human),IGKJ1 (Human),TRGFDY,QQYGSSPWT,ND,,""Adam Wheatley et al., 2021 (https://www.sciencedirect.com/science/article/pii/S2211124721012869)"""," 2021 (https://www.sciencedirect.com/science/article/pii/S2211124721012869)"""
