Cluster,Total,Groups,Mixed,Isolated,Sample_CDR3s
Cluster_1,426,"BEAM_Only,Dual_Only,Shared",TRUE,FALSE,CQQSYSTPLTF; CQQYDTLPYTF; CQQYNSYAWTF; CQQLNSYPAF; CQQSYSTPPWTF
Cluster_10,1,BEAM_Only,FALSE,TRUE,CQQTYSIFMFTF
Cluster_100,1,BEAM_Only,FALSE,TRUE,CMQTLQTSYTF
Cluster_101,1,BEAM_Only,FALSE,TRUE,CQSADSSNTYLVF
Cluster_102,1,BEAM_Only,FALSE,TRUE,CQQYDSLPSYTF
Cluster_103,1,BEAM_Only,FALSE,TRUE,CYSTDSSGNRYVF
Cluster_104,1,BEAM_Only,FALSE,TRUE,CQHHGTF
Cluster_105,1,Shared,FALSE,TRUE,CQQYSSSSRTF
Cluster_106,1,BEAM_Only,FALSE,TRUE,CRQYNNWPPTF
Cluster_107,1,BEAM_Only,FALSE,TRUE,CQEICSYPRTF
Cluster_108,1,BEAM_Only,FALSE,TRUE,CQQRSIGGTF
Cluster_109,1,BEAM_Only,FALSE,TRUE,CQQYEVF
Cluster_11,1,BEAM_Only,FALSE,TRUE,CASWDDSLRVLF
Cluster_110,1,BEAM_Only,FALSE,TRUE,CQAWDKGAVVF
Cluster_111,1,BEAM_Only,FALSE,TRUE,CHQNYDIPVTF
Cluster_112,1,BEAM_Only,FALSE,TRUE,CQAWDSTTAWVF
Cluster_113,1,BEAM_Only,FALSE,TRUE,CQAWDSNTSTVF
Cluster_114,3,"BEAM_Only,Shared",TRUE,FALSE,CQQYTYYWTF; CQQYTDYWTF; CQQYTDNWTF
Cluster_115,1,BEAM_Only,FALSE,TRUE,CQVWDGIGDHEAVF
Cluster_116,1,BEAM_Only,FALSE,TRUE,CQQYGTSHTF
Cluster_117,3,"BEAM_Only,Shared",TRUE,FALSE,CAAWDSSLSAWVF; CSAWDSSLSAWVF; CSSWDSSLSAWVF
Cluster_118,1,BEAM_Only,FALSE,TRUE,CQLYGGSLYPF
Cluster_119,1,BEAM_Only,FALSE,TRUE,CQEANNFLITF
Cluster_12,1,BEAM_Only,FALSE,TRUE,CQSYDSSVSDLVF
Cluster_120,1,BEAM_Only,FALSE,TRUE,CYSRDTSGNRWVF
Cluster_121,2,BEAM_Only,FALSE,FALSE,CQRVNSYPPYIF; CQRVNSYPPYTF
Cluster_122,4,"BEAM_Only,Shared",TRUE,FALSE,CQQYNDFSPTF; CQQYNSFSPWTF; CQQYNSFSPTF; CQQYNDFSHTF
Cluster_123,1,BEAM_Only,FALSE,TRUE,CLQRIEFLPALTF
Cluster_124,2,BEAM_Only,FALSE,FALSE,CQQYYDPPYTF; CQQYYTDPPYTF
Cluster_125,1,BEAM_Only,FALSE,TRUE,CQVWDNNSDHGVF
Cluster_126,1,BEAM_Only,FALSE,TRUE,CSSFTTISTVVF
Cluster_127,1,BEAM_Only,FALSE,TRUE,CLQTYSMPPYTF
Cluster_128,1,BEAM_Only,FALSE,TRUE,CQQRSNGLTF
Cluster_129,1,BEAM_Only,FALSE,TRUE,CQQYLSSRDTF
Cluster_13,1,BEAM_Only,FALSE,TRUE,CQHRSDWPSITF
Cluster_130,1,BEAM_Only,FALSE,TRUE,CSAYTTSTSSVVF
Cluster_131,1,BEAM_Only,FALSE,TRUE,CVLHMGSGIWVF
Cluster_132,1,BEAM_Only,FALSE,TRUE,CQSYDSSNPVLF
Cluster_133,2,BEAM_Only,FALSE,FALSE,CQQRSLWTF; CQQRSLWLTF
Cluster_134,3,"BEAM_Only,Shared",TRUE,FALSE,CLQRSNWPPRFTF; CQQRSNWPPRFTF; CQQRSNWPPLFTF
Cluster_135,1,BEAM_Only,FALSE,TRUE,CQQRSDQYTF
Cluster_136,1,BEAM_Only,FALSE,TRUE,CCSYAGSHALWVF
Cluster_137,3,"BEAM_Only,Dual_Only",TRUE,FALSE,CQQYGGSPLYTF; CQQYGGSPPITF; CQQYGGSPPYTF
Cluster_138,1,BEAM_Only,FALSE,TRUE,CQRTYTTLGESDLFAF
Cluster_139,1,BEAM_Only,FALSE,TRUE,CQQTYSTPPITF
Cluster_14,30,"BEAM_Only,Dual_Only,Shared",TRUE,FALSE,CQQRSNWPVTF; CQQRSNWPQFTF; CQQRSDWPQTF; CQQRSNWPLTF; CQHRGNWPLTF
Cluster_140,4,"BEAM_Only,Dual_Only,Shared",TRUE,FALSE,CQQYDNWPPTWTF; CQHYDNWPPTWTF; CQQYDDWPPTWTF; CQQYDNWPPEWTF
Cluster_141,1,BEAM_Only,FALSE,TRUE,CYSTADKLGVF
Cluster_142,1,BEAM_Only,FALSE,TRUE,CHQYGSFVVSF
Cluster_143,1,BEAM_Only,FALSE,TRUE,CQHLNTYPPPF
Cluster_144,1,BEAM_Only,FALSE,TRUE,CQLSGTSLWTF
Cluster_145,1,BEAM_Only,FALSE,TRUE,CQSADSSGTYPRVF
Cluster_146,1,BEAM_Only,FALSE,TRUE,CQYRNNWPRLYTF
Cluster_147,1,BEAM_Only,FALSE,TRUE,CSSYTRSSTLGLF
Cluster_148,1,BEAM_Only,FALSE,TRUE,CQQRSNWPLGRVTF
Cluster_149,1,BEAM_Only,FALSE,TRUE,CQQYSKWPWTF
Cluster_15,1,BEAM_Only,FALSE,TRUE,CHQSSSSLTF
Cluster_150,1,BEAM_Only,FALSE,TRUE,CQHRSNWPPFPF
Cluster_151,2,"BEAM_Only,Dual_Only",TRUE,FALSE,CQQYDNVHVTF; CQQYDNVHITF
Cluster_152,1,BEAM_Only,FALSE,TRUE,CQQYSNLYTF
Cluster_153,1,BEAM_Only,FALSE,TRUE,CMQAKYFPRRTF
Cluster_154,1,BEAM_Only,FALSE,TRUE,CQSAAYVGTYQGVVF
Cluster_155,1,BEAM_Only,FALSE,TRUE,CGTWDSSLSVYVF
Cluster_156,1,BEAM_Only,FALSE,TRUE,CLQNNSYPFTF
Cluster_157,3,"BEAM_Only,Dual_Only",TRUE,FALSE,CCSYAGSPVVF; CCSYAGSPYVF; CCSYAGSVYVF
Cluster_158,2,"BEAM_Only,Shared",TRUE,FALSE,CSLSYTGAVIF; CSLSYSGAVIF
Cluster_159,1,BEAM_Only,FALSE,TRUE,CQQSFSGPKTF
Cluster_16,1,BEAM_Only,FALSE,TRUE,CQQLNSDRFPF
Cluster_160,1,BEAM_Only,FALSE,TRUE,CCSYAGSRTLVF
Cluster_161,1,BEAM_Only,FALSE,TRUE,CQEYHTMTF
Cluster_162,1,BEAM_Only,FALSE,TRUE,CQQLSSDPITF
Cluster_163,1,BEAM_Only,FALSE,TRUE,CQQTYSFPPESPF
Cluster_164,1,BEAM_Only,FALSE,TRUE,CLQYNNYPLLTF
Cluster_165,2,BEAM_Only,FALSE,FALSE,CHQYDNLPQTF; CHQYDTLPQTF
Cluster_166,1,BEAM_Only,FALSE,TRUE,CQQSSSTPPYTF
Cluster_167,2,Shared,FALSE,FALSE,CMQSIQLPLTF; CMQSIQLPWTF
Cluster_168,1,BEAM_Only,FALSE,TRUE,CLLYYGAAHLVF
Cluster_169,1,BEAM_Only,FALSE,TRUE,CLQYNTRPYTF
Cluster_17,1,BEAM_Only,FALSE,TRUE,CQHYNLYSALTF
Cluster_170,1,BEAM_Only,FALSE,TRUE,CQSADSGGTPRVIF
Cluster_171,1,BEAM_Only,FALSE,TRUE,CQQYNSYSPTTWTF
Cluster_172,1,Shared,FALSE,TRUE,CQSYDSSNHVVF
Cluster_173,2,"BEAM_Only,Dual_Only",TRUE,FALSE,CMQATQLPYTF; CMQATQLPWTF
Cluster_174,1,BEAM_Only,FALSE,TRUE,CQQYGISPRAF
Cluster_175,4,"BEAM_Only,Dual_Only,Shared",TRUE,FALSE,CQHLNSYPPITF; CQQLNSYPPITF; CQQLNSYPPWTF; CQHLNSYPPLTF
Cluster_176,1,BEAM_Only,FALSE,TRUE,CQLYGSSARITF
Cluster_177,1,BEAM_Only,FALSE,TRUE,CHLYGSWTF
Cluster_178,1,BEAM_Only,FALSE,TRUE,CSSYRSSSALVVF
Cluster_179,3,"Dual_Only,Shared",TRUE,FALSE,CSSYAGSNNFRVF; CSSYAGSNNFGVF; CSSYAGSNNFERVF
Cluster_18,1,Shared,FALSE,TRUE,CQQGYTF
Cluster_180,2,"BEAM_Only,Dual_Only",TRUE,FALSE,CQQYKTWPRTF; CQQYETWPRTF
Cluster_181,1,BEAM_Only,FALSE,TRUE,CQQYGSKPATF
Cluster_182,1,BEAM_Only,FALSE,TRUE,CQEYDSSPQLTF
Cluster_183,1,BEAM_Only,FALSE,TRUE,CAPWDDSLNGPYVF
Cluster_184,1,BEAM_Only,FALSE,TRUE,CQQYTGSPPLFAF
Cluster_185,1,BEAM_Only,FALSE,TRUE,CQVWDSSVVF
Cluster_186,1,BEAM_Only,FALSE,TRUE,CNSRDSSGNHLDVF
Cluster_187,1,Shared,FALSE,TRUE,CQQRSTSVTF
Cluster_188,1,BEAM_Only,FALSE,TRUE,CQHYNSYSSHTGTF
Cluster_189,1,BEAM_Only,FALSE,TRUE,CSSYVGSNYLVF
Cluster_19,3,"BEAM_Only,Shared",TRUE,FALSE,CQTWGTGIQVF; CQTWDTGIRVF; CQTWGTGIRVF
Cluster_190,1,BEAM_Only,FALSE,TRUE,CQSADTSGTYRVF
Cluster_191,3,BEAM_Only,FALSE,FALSE,CMQSIQPPYTF; CMQSKQPPYTF; CMQSLQPPYTF
Cluster_192,1,BEAM_Only,FALSE,TRUE,CQQLNSYPPPFTF
Cluster_193,1,BEAM_Only,FALSE,TRUE,CHQYYNWPPWTF
Cluster_194,1,BEAM_Only,FALSE,TRUE,CQQYYSYPLLAF
Cluster_195,1,BEAM_Only,FALSE,TRUE,CSSYVGSNEVVF
Cluster_196,2,BEAM_Only,FALSE,FALSE,CNSRDSSGKHYVF; CKSRDSSGKHYVF
Cluster_197,2,"Dual_Only,Shared",TRUE,FALSE,CQKYNSAPWTF; CQKYDSAPWTF
Cluster_198,1,BEAM_Only,FALSE,TRUE,CQVWDTGSDHDVVF
Cluster_199,1,BEAM_Only,FALSE,TRUE,CHHYGSSPLHTF
Cluster_2,1,BEAM_Only,FALSE,TRUE,CQSADSSGRNQVF
Cluster_20,1,BEAM_Only,FALSE,TRUE,CQQVNSDRFSF
Cluster_200,1,BEAM_Only,FALSE,TRUE,CHHYGSSRTF
Cluster_201,1,BEAM_Only,FALSE,TRUE,CQQYDNFSVTF
Cluster_202,5,"BEAM_Only,Dual_Only,Shared",TRUE,FALSE,CHQSSSLPSTF; CHQSSSLPDTF; CHQSSSLPLTF; CHQSSILPSTF; CHQSSSLPGTF
Cluster_203,1,BEAM_Only,FALSE,TRUE,CQQSYTTPSWTF
Cluster_204,1,BEAM_Only,FALSE,TRUE,CGTWDTTLRAVVF
Cluster_205,1,BEAM_Only,FALSE,TRUE,CQSYDSSDQVF
Cluster_206,1,BEAM_Only,FALSE,TRUE,CQHGRWF
Cluster_207,2,"BEAM_Only,Dual_Only",TRUE,FALSE,CQYYNSYWPF; CQHYNSYWPF
Cluster_208,1,Shared,FALSE,TRUE,CQQYNYWPGITF
Cluster_209,1,BEAM_Only,FALSE,TRUE,CQQYGNSPGLSF
Cluster_21,1,BEAM_Only,FALSE,TRUE,CQHFNSYGFTF
Cluster_210,1,BEAM_Only,FALSE,TRUE,CQDCSSYYTF
Cluster_211,1,BEAM_Only,FALSE,TRUE,CQQYGTSPPGLTF
Cluster_212,1,BEAM_Only,FALSE,TRUE,CQQYDRSSHITF
Cluster_213,1,BEAM_Only,FALSE,TRUE,CQYCTGSPRVTF
Cluster_214,1,BEAM_Only,FALSE,TRUE,CCSYIDNDSWVF
Cluster_215,2,BEAM_Only,FALSE,FALSE,CQQAKNFPVTF; CQQAKSFPVTF
Cluster_216,1,BEAM_Only,FALSE,TRUE,CQSTDSSDTWVF
Cluster_217,1,BEAM_Only,FALSE,TRUE,CQSADSSGTYGGVVF
Cluster_218,1,BEAM_Only,FALSE,TRUE,CQSFDSSLSGHVVF
Cluster_219,1,BEAM_Only,FALSE,TRUE,CQHYTRSQVTF
Cluster_22,1,BEAM_Only,FALSE,TRUE,CQHYDSDFTF
Cluster_220,1,BEAM_Only,FALSE,TRUE,CQQYYSLVPTF
Cluster_221,1,BEAM_Only,FALSE,TRUE,CHQYHNWWTF
Cluster_222,1,BEAM_Only,FALSE,TRUE,CAGWDSRLRGWVF
Cluster_223,1,BEAM_Only,FALSE,TRUE,CHVWASTTDHCVF
Cluster_224,1,BEAM_Only,FALSE,TRUE,CQVWSGDSDHVGYVF
Cluster_225,1,BEAM_Only,FALSE,TRUE,CQQSYSTPEGSLLFTF
Cluster_226,1,BEAM_Only,FALSE,TRUE,CGTWDLSLSVWVF
Cluster_227,1,BEAM_Only,FALSE,TRUE,CQQYSGYTITF
Cluster_228,2,"BEAM_Only,Dual_Only",TRUE,FALSE,CQAWHTSTVVF; CQAWHRSTVVF
Cluster_229,1,BEAM_Only,FALSE,TRUE,CSSYAATNNLLF
Cluster_23,32,"BEAM_Only,Dual_Only,Shared",TRUE,FALSE,CATWDDSLSGPVF; CAAWDDSLNGWVF; CAAWDDSLSGPVF; CAAWDDSLSGWVF; CAAWDDSLTIWVF
Cluster_230,1,BEAM_Only,FALSE,TRUE,CSSYTSSITVVF
Cluster_231,1,BEAM_Only,FALSE,TRUE,CQSYHDNNQVF
Cluster_232,1,Shared,FALSE,TRUE,CHQYYTTPTF
Cluster_233,1,BEAM_Only,FALSE,TRUE,CNSYAGSNNLIF
Cluster_234,6,"BEAM_Only,Dual_Only,Shared",TRUE,FALSE,CYSTDNSGNHRGVF; CYSTDSSGNHRGVF; CYSTDSSGNQRVF; CYSTDSSGNHRVF; CYSTDSSGNPRGVF
Cluster_235,1,BEAM_Only,FALSE,TRUE,CQSYDTTNQGIF
Cluster_236,1,BEAM_Only,FALSE,TRUE,CQSYDSNLSALF
Cluster_237,1,BEAM_Only,FALSE,TRUE,CQQYSQSRTF
Cluster_238,1,BEAM_Only,FALSE,TRUE,CATWDGTLRAVVF
Cluster_239,1,BEAM_Only,FALSE,TRUE,CLQHDNFLYTF
Cluster_24,3,"BEAM_Only,Shared",TRUE,FALSE,CLQDYNYPRTF; CLQDYLYPRTF; CLQEYNYPRTF
Cluster_240,1,BEAM_Only,FALSE,TRUE,CQHYNGDSLTF
Cluster_241,1,BEAM_Only,FALSE,TRUE,CSSYPTRSTPHVVF
Cluster_242,2,"BEAM_Only,Shared",TRUE,FALSE,CQVWDSSRDHSLVF; CQVWDSSRDHSYVF
Cluster_243,1,BEAM_Only,FALSE,TRUE,CQSYDTSLRGCVF
Cluster_244,1,BEAM_Only,FALSE,TRUE,CQVWDSSSDPRVF
Cluster_245,1,BEAM_Only,FALSE,TRUE,CQVWDGSVDHVVF
Cluster_246,1,BEAM_Only,FALSE,TRUE,CQQYNSWPPNTF
Cluster_247,1,BEAM_Only,FALSE,TRUE,CQQRSVWPPSFTF
Cluster_248,1,BEAM_Only,FALSE,TRUE,CMQALQSGYTF
Cluster_249,1,BEAM_Only,FALSE,TRUE,CMQVLQAPLTF
Cluster_25,1,BEAM_Only,FALSE,TRUE,CQQYGSVHTF
Cluster_250,1,BEAM_Only,FALSE,TRUE,CTSYTSFNTQVF
Cluster_251,1,BEAM_Only,FALSE,TRUE,CATWDNRLNVWVF
Cluster_252,1,BEAM_Only,FALSE,TRUE,CQVWDLTSDHPVF
Cluster_253,1,BEAM_Only,FALSE,TRUE,CQQRSNWFLAF
Cluster_254,2,"BEAM_Only,Shared",TRUE,FALSE,CQQYIDWPPLYTF; CQQYMDWPPLYTF
Cluster_255,1,BEAM_Only,FALSE,TRUE,CQQHANWHPNTF
Cluster_256,1,BEAM_Only,FALSE,TRUE,CMQTTQFPLITF
Cluster_257,1,BEAM_Only,FALSE,TRUE,CSLYRSNILF
Cluster_258,2,BEAM_Only,FALSE,FALSE,CNSRDSSGNAYVF; CNSRDSSGNQYVF
Cluster_259,1,BEAM_Only,FALSE,TRUE,CQRRNRWPWTF
Cluster_26,33,"BEAM_Only,Dual_Only,Shared",TRUE,FALSE,CMQALQTPWTF; CMQALQTRTF; CMQALQTSLTF; CMQALQSPPTF; CMQALEPPYTF
Cluster_260,2,BEAM_Only,FALSE,FALSE,CQHHDNSPTF; CQHHDSSPTF
Cluster_261,1,BEAM_Only,FALSE,TRUE,CCSYAGSNALGVLF
Cluster_262,1,BEAM_Only,FALSE,TRUE,CQQYDSDSGTF
Cluster_263,1,BEAM_Only,FALSE,TRUE,CQTWGSGILVF
Cluster_264,1,BEAM_Only,FALSE,TRUE,CQAWDSGVVF
Cluster_265,1,BEAM_Only,FALSE,TRUE,CQQYGGTPITF
Cluster_266,1,BEAM_Only,FALSE,TRUE,CLLFSGGTWVF
Cluster_267,1,BEAM_Only,FALSE,TRUE,CQQFGSSPPMYTF
Cluster_268,1,BEAM_Only,FALSE,TRUE,CQSLDSSNHEEVF
Cluster_269,1,BEAM_Only,FALSE,TRUE,CQHYYGTPTF
Cluster_27,1,BEAM_Only,FALSE,TRUE,CQHCGSSPRVTF
Cluster_270,1,BEAM_Only,FALSE,TRUE,CQQLNGFPPTF
Cluster_271,1,BEAM_Only,FALSE,TRUE,CQSADRGATYQEF
Cluster_272,1,BEAM_Only,FALSE,TRUE,CQQLNTYFTF
Cluster_273,1,BEAM_Only,FALSE,TRUE,CQSADRYGYSRVF
Cluster_274,1,BEAM_Only,FALSE,TRUE,CSSNTSKNTRVF
Cluster_275,1,BEAM_Only,FALSE,TRUE,CVLYMGSGRVF
Cluster_276,2,BEAM_Only,FALSE,FALSE,CQVWDSSSDRLGGF; CQVWDSASDRLGGF
Cluster_277,1,BEAM_Only,FALSE,TRUE,CEQSYRTPNKF
Cluster_278,1,BEAM_Only,FALSE,TRUE,CMQAVQTRITF
Cluster_279,1,BEAM_Only,FALSE,TRUE,CCSFTNVNTWMF
Cluster_28,1,BEAM_Only,FALSE,TRUE,CQQSYSTTDLTF
Cluster_280,1,BEAM_Only,FALSE,TRUE,CSSYAGSINWVF
Cluster_281,1,BEAM_Only,FALSE,TRUE,CLQHYNYPWTF
Cluster_282,1,BEAM_Only,FALSE,TRUE,CQQYDNRLALTF
Cluster_283,3,"BEAM_Only,Shared",TRUE,FALSE,CMQRIEFPWTF; CMQRIQFPWTF; CMQRIAFPWTF
Cluster_284,1,BEAM_Only,FALSE,TRUE,CQQYDTRVVTF
Cluster_285,1,BEAM_Only,FALSE,TRUE,CQQYYTNRAF
Cluster_286,1,BEAM_Only,FALSE,TRUE,CQQSYKTPTF
Cluster_287,1,BEAM_Only,FALSE,TRUE,CYSADSGGNQWMF
Cluster_288,1,BEAM_Only,FALSE,TRUE,CMQATQFPWAF
Cluster_289,1,BEAM_Only,FALSE,TRUE,CCSYAGRYTFLF
Cluster_29,1,BEAM_Only,FALSE,TRUE,CYSTDSSVNLGGF
Cluster_290,1,BEAM_Only,FALSE,TRUE,CHQGSSLPPTF
Cluster_291,1,BEAM_Only,FALSE,TRUE,CQQYSIWPLTF
Cluster_292,1,BEAM_Only,FALSE,TRUE,CTSYAGRNNPYVF
Cluster_293,1,BEAM_Only,FALSE,TRUE,CQQRRETF
Cluster_294,1,BEAM_Only,FALSE,TRUE,CQQYNNYFIF
Cluster_295,1,BEAM_Only,FALSE,TRUE,CQSYDSSLTGCVF
Cluster_296,1,BEAM_Only,FALSE,TRUE,CQLYSSYWTF
Cluster_297,1,BEAM_Only,FALSE,TRUE,CQQYFGTPSF
Cluster_298,1,BEAM_Only,FALSE,TRUE,CMQHTHWPHTF
Cluster_299,1,BEAM_Only,FALSE,TRUE,CMQALQTHALTF
Cluster_3,1,BEAM_Only,FALSE,TRUE,CQQSNSLPFTF
Cluster_30,1,Shared,FALSE,TRUE,CQHYYNWPPWTF
Cluster_300,1,BEAM_Only,FALSE,TRUE,CQQYNTYSWTFESHSWTF
Cluster_301,1,BEAM_Only,FALSE,TRUE,CGTWHSNSKTQVF
Cluster_302,1,BEAM_Only,FALSE,TRUE,CQAWDSGNWVF
Cluster_303,1,BEAM_Only,FALSE,TRUE,CQQLNGYPDTF
Cluster_304,1,BEAM_Only,FALSE,TRUE,CYSTDSSGNHRSQVF
Cluster_305,3,"BEAM_Only,Dual_Only",TRUE,FALSE,CQQSYITTMYTF; CQQSYMTTMYTF; CQQSYVTTMYTF
Cluster_306,1,BEAM_Only,FALSE,TRUE,CQVWDSSSAHPVF
Cluster_307,1,BEAM_Only,FALSE,TRUE,CQQYGSSRNTF
Cluster_308,1,BEAM_Only,FALSE,TRUE,CYSTDRSDYHGGVF
Cluster_309,1,BEAM_Only,FALSE,TRUE,CCSYVGGSTYVF
Cluster_31,1,BEAM_Only,FALSE,TRUE,CQQYDTCCTF
Cluster_310,1,BEAM_Only,FALSE,TRUE,CQVWDTIIDHLF
Cluster_311,1,BEAM_Only,FALSE,TRUE,CQQYGSSRGSTF
Cluster_312,1,BEAM_Only,FALSE,TRUE,CQQRSLRISF
Cluster_313,1,BEAM_Only,FALSE,TRUE,CAAWDDSLRGVAF
Cluster_314,1,BEAM_Only,FALSE,TRUE,CQQYKTYSFAF
Cluster_315,1,BEAM_Only,FALSE,TRUE,CQAWDSVLAGVF
Cluster_316,1,BEAM_Only,FALSE,TRUE,CQQRRNWPPGGTF
Cluster_317,1,BEAM_Only,FALSE,TRUE,CLQYNAYPPTF
Cluster_318,1,BEAM_Only,FALSE,TRUE,CTSYAGSNIFVF
Cluster_319,1,BEAM_Only,FALSE,TRUE,CQVWDSISDPSHWVF
Cluster_32,8,"BEAM_Only,Dual_Only,Shared",TRUE,FALSE,CMQGTHWPPYTF; CMQGTHWPQPYTF; CMQGTHWPPTF; CMQATHWPPDTF; CMQGTHWPPDTF
Cluster_320,1,BEAM_Only,FALSE,TRUE,CLVYYGGAVFF
Cluster_321,1,BEAM_Only,FALSE,TRUE,CQQYDNLRGMYTF
Cluster_322,1,BEAM_Only,FALSE,TRUE,CQTWASTSWVF
Cluster_323,1,BEAM_Only,FALSE,TRUE,CQSSDSSAGFPGWVF
Cluster_324,1,BEAM_Only,FALSE,TRUE,CMIWHNSGYVF
Cluster_325,1,BEAM_Only,FALSE,TRUE,CHHYNNRPPYTF
Cluster_326,1,BEAM_Only,FALSE,TRUE,CQTWDTSTHVVF
Cluster_327,1,BEAM_Only,FALSE,TRUE,CLLFYSGTWVF
Cluster_328,4,"BEAM_Only,Dual_Only",TRUE,FALSE,CQQRTNWPPTWTF; CQQRSNWPLTWTF; CQQRSNWPPTWTF; CQQRSNWPPGWTF
Cluster_329,1,BEAM_Only,FALSE,TRUE,CLQYDEFPITF
Cluster_33,1,BEAM_Only,FALSE,TRUE,CQLGRWF
Cluster_330,2,BEAM_Only,FALSE,FALSE,CQQSNSAPRSTF; CQQTNSAPRSTF
Cluster_331,1,BEAM_Only,FALSE,TRUE,CQQYNSWLGTF
Cluster_332,1,BEAM_Only,FALSE,TRUE,CAAWDDRVQGWVF
Cluster_333,1,BEAM_Only,FALSE,TRUE,CCSFAGIYSTGVF
Cluster_334,1,BEAM_Only,FALSE,TRUE,CQAWDSSIDRVF
Cluster_335,1,BEAM_Only,FALSE,TRUE,CQQSYNTLLFIF
Cluster_336,1,BEAM_Only,FALSE,TRUE,CQSADSSGTFF
Cluster_337,1,BEAM_Only,FALSE,TRUE,CAAWDDSHSGGWVF
Cluster_338,1,BEAM_Only,FALSE,TRUE,CSSYTSSSLPWVF
Cluster_339,1,BEAM_Only,FALSE,TRUE,CAAWDGNLSGRVF
Cluster_34,1,BEAM_Only,FALSE,TRUE,CNLYTSISTWVF
Cluster_340,1,BEAM_Only,FALSE,TRUE,CSSYTTSGTFVL
Cluster_341,1,BEAM_Only,FALSE,TRUE,CYSTDTNDNHRRVF
Cluster_342,2,"BEAM_Only,Dual_Only",TRUE,FALSE,CMQALEIPRTF; CMQALEIPITF
Cluster_343,2,BEAM_Only,FALSE,FALSE,CQQARYFPYTF; CQQARNFPYTF
Cluster_344,1,BEAM_Only,FALSE,TRUE,CAAWDDSLSGPNYVF
Cluster_345,1,BEAM_Only,FALSE,TRUE,CHQSNTLPSTF
Cluster_346,1,BEAM_Only,FALSE,TRUE,CQQSYNTAMYTF
Cluster_347,2,"BEAM_Only,Dual_Only",TRUE,FALSE,CQQLNSSPPRAF; CQQLNSSPPRTF
Cluster_348,1,BEAM_Only,FALSE,TRUE,CASHAGNNPPAF
Cluster_349,1,BEAM_Only,FALSE,TRUE,CQQYDDRPPSITF
Cluster_35,1,BEAM_Only,FALSE,TRUE,CMQAPQTFMYTF
Cluster_350,1,BEAM_Only,FALSE,TRUE,CHQSSSIPYTF
Cluster_351,1,BEAM_Only,FALSE,TRUE,CMQRIDFPPALTF
Cluster_352,1,BEAM_Only,FALSE,TRUE,CQVWDITGDHSGVVF
Cluster_353,1,BEAM_Only,FALSE,TRUE,CQVWESTSDLGVF
Cluster_354,1,BEAM_Only,FALSE,TRUE,CQHYYITPRF
Cluster_355,1,BEAM_Only,FALSE,TRUE,CMQSIQLPPITF
Cluster_356,1,BEAM_Only,FALSE,TRUE,CQVRDSDNGWVF
Cluster_357,1,BEAM_Only,FALSE,TRUE,CGTWDSNLGAGVF
Cluster_358,1,BEAM_Only,FALSE,TRUE,CQSSDSSNQGVF
Cluster_359,2,"BEAM_Only,Dual_Only",TRUE,FALSE,CYSTDSSGNHKEVF; CYSTDSSGNHSEVF
Cluster_36,1,BEAM_Only,FALSE,TRUE,CQQYGNLPQVTF
Cluster_360,1,BEAM_Only,FALSE,TRUE,CSSYTRISVLF
Cluster_361,1,BEAM_Only,FALSE,TRUE,CSSYAGSDNFVVF
Cluster_362,1,BEAM_Only,FALSE,TRUE,CSSYTSTSTPCIF
Cluster_363,1,BEAM_Only,FALSE,TRUE,CQSADRRGTYQVF
Cluster_364,1,BEAM_Only,FALSE,TRUE,CQQVNNYLWTF
Cluster_365,1,BEAM_Only,FALSE,TRUE,CQQFNNLPAVTF
Cluster_366,1,BEAM_Only,FALSE,TRUE,CQQSYTNPRYTF
Cluster_367,1,BEAM_Only,FALSE,TRUE,CQLYNDWPPATF
Cluster_368,1,BEAM_Only,FALSE,TRUE,CYSTDSSGNEGVF
Cluster_369,1,BEAM_Only,FALSE,TRUE,CQQRSDRPLTF
Cluster_37,1,BEAM_Only,FALSE,TRUE,CCSYGGNRLAVF
Cluster_370,1,BEAM_Only,FALSE,TRUE,CHHYKNWPRTF
Cluster_371,1,BEAM_Only,FALSE,TRUE,CSSYAGTNNPYVF
Cluster_372,1,BEAM_Only,FALSE,TRUE,CCSYAANYPYVF
Cluster_373,1,BEAM_Only,FALSE,TRUE,CSSYAGSNNPHWVF
Cluster_374,1,BEAM_Only,FALSE,TRUE,CQQSNSYSLTF
Cluster_375,1,BEAM_Only,FALSE,TRUE,CQVWDSSSDHSCVF
Cluster_376,1,BEAM_Only,FALSE,TRUE,CQPYNYYWTF
Cluster_377,1,BEAM_Only,FALSE,TRUE,CHQYYSLPETF
Cluster_378,1,BEAM_Only,FALSE,TRUE,CLQHDNFPLHTF
Cluster_379,1,BEAM_Only,FALSE,TRUE,CSSYVGSNIVAF
Cluster_38,1,BEAM_Only,FALSE,TRUE,CCSYTSSGTYVF
Cluster_380,1,BEAM_Only,FALSE,TRUE,CLQYGDSQWTF
Cluster_381,1,BEAM_Only,FALSE,TRUE,CQHHNINWTF
Cluster_382,1,BEAM_Only,FALSE,TRUE,CQAWDSSSDHPVF
Cluster_383,1,BEAM_Only,FALSE,TRUE,CQQYGYSF
Cluster_384,1,BEAM_Only,FALSE,TRUE,CQQSYNMATF
Cluster_385,1,BEAM_Only,FALSE,TRUE,CMQGSHWPPITF
Cluster_386,1,BEAM_Only,FALSE,TRUE,CQQSYRFRTF
Cluster_387,1,BEAM_Only,FALSE,TRUE,CQTWDTSIFVVF
Cluster_388,1,BEAM_Only,FALSE,TRUE,CMQASQFPYTF
Cluster_389,2,"Dual_Only,Shared",TRUE,FALSE,CVLYMGSGISVF; CVLYMGSGIGVF
Cluster_39,1,BEAM_Only,FALSE,TRUE,CQQLDSRGTF
Cluster_390,1,BEAM_Only,FALSE,TRUE,CQVWDSDTDHRVF
Cluster_391,1,BEAM_Only,FALSE,TRUE,CQQRSQWPPALTF
Cluster_392,1,BEAM_Only,FALSE,TRUE,CQSYASGNHRVF
Cluster_393,1,BEAM_Only,FALSE,TRUE,CSSTDSSANHWVF
Cluster_394,1,BEAM_Only,FALSE,TRUE,CQQYNGYFRAF
Cluster_395,1,BEAM_Only,FALSE,TRUE,CQQSYPEGTF
Cluster_396,1,BEAM_Only,FALSE,TRUE,CQHYHNLPYTF
Cluster_397,1,BEAM_Only,FALSE,TRUE,CLQHDNSPWTF
Cluster_398,1,BEAM_Only,FALSE,TRUE,CSSYVGTNNFEVVF
Cluster_399,1,BEAM_Only,FALSE,TRUE,CQQYINYSATF
Cluster_4,11,"BEAM_Only,Dual_Only,Shared",TRUE,FALSE,CLQHNSYPRTF; CLQHHSYPWTF; CLQHNSYPYTF; CLQHNSYPWTF; CLQHNSYPLTF
Cluster_40,1,BEAM_Only,FALSE,TRUE,CQQYGSF
Cluster_400,1,BEAM_Only,FALSE,TRUE,CQQYGRTPKTF
Cluster_401,1,BEAM_Only,FALSE,TRUE,CQVWDTTSDHRGVF
Cluster_402,1,BEAM_Only,FALSE,TRUE,CQRHGSF
Cluster_403,2,BEAM_Only,FALSE,FALSE,CQSAATNGDSVVF; CQSAATNGASVVF
Cluster_404,1,BEAM_Only,FALSE,TRUE,CQAWDNNNWFF
Cluster_405,1,BEAM_Only,FALSE,TRUE,CQVWHIRSTHPVVF
Cluster_406,1,BEAM_Only,FALSE,TRUE,CQQYYSHRWTF
Cluster_407,1,BEAM_Only,FALSE,TRUE,CQQYFTSTWTF
Cluster_408,1,BEAM_Only,FALSE,TRUE,CQQYGSTFTF
Cluster_409,1,BEAM_Only,FALSE,TRUE,CQSYDGDNRLVVF
Cluster_41,1,BEAM_Only,FALSE,TRUE,CQLRSNWLLTF
Cluster_410,1,BEAM_Only,FALSE,TRUE,CQQYNGRWTF
Cluster_411,1,BEAM_Only,FALSE,TRUE,CQQTYLTPPEVGAF
Cluster_412,1,BEAM_Only,FALSE,TRUE,CQQTYNTLALTF
Cluster_413,1,Shared,FALSE,TRUE,CNSRDSSGNHVVF
Cluster_414,1,BEAM_Only,FALSE,TRUE,CQQYYDTLHTF
Cluster_415,1,BEAM_Only,FALSE,TRUE,CQQYDAYSLTF
Cluster_416,1,BEAM_Only,FALSE,TRUE,CQAWDNNVDVKF
Cluster_417,1,BEAM_Only,FALSE,TRUE,CCSYAGGSIPSVF
Cluster_418,1,BEAM_Only,FALSE,TRUE,CQQSYTTHAWTF
Cluster_419,1,BEAM_Only,FALSE,TRUE,CLQFLTVDRTF
Cluster_42,2,"BEAM_Only,Shared",TRUE,FALSE,CFQGSYWPPTF; CFQGSHWPPTF
Cluster_420,1,BEAM_Only,FALSE,TRUE,CNSYTSSSTLLF
Cluster_421,1,BEAM_Only,FALSE,TRUE,CQQSYTNPLFTF
Cluster_422,1,BEAM_Only,FALSE,TRUE,CNSRDSSGHWVF
Cluster_423,1,BEAM_Only,FALSE,TRUE,CQSYDNSLSARVF
Cluster_424,1,BEAM_Only,FALSE,TRUE,CSSSTVF
Cluster_425,1,BEAM_Only,FALSE,TRUE,CTSYAGTNTLRF
Cluster_426,1,BEAM_Only,FALSE,TRUE,CQQLDNYPPPF
Cluster_427,1,BEAM_Only,FALSE,TRUE,CQQRSNWPPLASTF
Cluster_428,1,BEAM_Only,FALSE,TRUE,CQSYDSSNRAVF
Cluster_429,1,BEAM_Only,FALSE,TRUE,CYSTGTSGNNRRVF
Cluster_43,3,BEAM_Only,FALSE,FALSE,CQQCGPSPPFTF; CQQCGSSPPFTF; CQQHGSSPPFTF
Cluster_430,1,BEAM_Only,FALSE,TRUE,CQSYDSSLSLPWVF
Cluster_431,1,BEAM_Only,FALSE,TRUE,CQASDTGGLFLF
Cluster_432,1,BEAM_Only,FALSE,TRUE,CSSYAGKNNLIF
Cluster_433,1,BEAM_Only,FALSE,TRUE,CHQYGSSSLYTF
Cluster_434,1,BEAM_Only,FALSE,TRUE,CQHYDNLPITF
Cluster_435,1,Shared,FALSE,TRUE,CQQNYNTWTF
Cluster_436,3,"BEAM_Only,Dual_Only",TRUE,FALSE,CVLYMGGGTWVF; CVLYMGSGTWVF; CVLYMGGGVWVF
Cluster_437,1,BEAM_Only,FALSE,TRUE,CATWDGGLNGWVF
Cluster_438,1,BEAM_Only,FALSE,TRUE,CHVWDGHTDHVHVLF
Cluster_439,2,"BEAM_Only,Dual_Only",TRUE,FALSE,CQQYGSSPPRITF; CQQYGSSPPRYTF
Cluster_44,1,BEAM_Only,FALSE,TRUE,CQQYGTSQRYTF
Cluster_440,1,Shared,FALSE,TRUE,CLLYYGGAQLGVF
Cluster_441,1,BEAM_Only,FALSE,TRUE,CHQRSKWPPAF
Cluster_442,1,BEAM_Only,FALSE,TRUE,CGSFTGTSTWVF
Cluster_443,1,BEAM_Only,FALSE,TRUE,CQQYDDVPYTF
Cluster_444,1,BEAM_Only,FALSE,TRUE,CQQTSTVPWTF
Cluster_445,1,BEAM_Only,FALSE,TRUE,CSSYISSTTPYVF
Cluster_446,1,BEAM_Only,FALSE,TRUE,CQHYSPSPPFTF
Cluster_447,1,BEAM_Only,FALSE,TRUE,CQQYNVYCTF
Cluster_448,3,"BEAM_Only,Dual_Only",TRUE,FALSE,CQAWVSSNVVF; CQAWVSSVVF; CQAWVSANVVF
Cluster_449,1,BEAM_Only,FALSE,TRUE,CQQLNSHPPPF
Cluster_45,1,BEAM_Only,FALSE,TRUE,CQHYAGSSGVTF
Cluster_450,1,BEAM_Only,FALSE,TRUE,CQLLNSDSYTF
Cluster_451,1,BEAM_Only,FALSE,TRUE,CISYTTRRVWVF
Cluster_452,2,"BEAM_Only,Dual_Only",TRUE,FALSE,CHQYYTTPQSF; CHQYYTTPRSF
Cluster_453,1,BEAM_Only,FALSE,TRUE,CQQSYIAPLTF
Cluster_454,1,BEAM_Only,FALSE,TRUE,CCSYAVKSGVVF
Cluster_455,1,BEAM_Only,FALSE,TRUE,CHQSSSFPFTF
Cluster_456,1,BEAM_Only,FALSE,TRUE,CQQLNSDSLAF
Cluster_457,1,BEAM_Only,FALSE,TRUE,CHQRSNWHTF
Cluster_458,1,BEAM_Only,FALSE,TRUE,CQQYGSSPPEVTF
Cluster_459,1,BEAM_Only,FALSE,TRUE,CQSTDSSDVWIF
Cluster_46,3,"BEAM_Only,Dual_Only,Shared",TRUE,FALSE,CQVWDSRGVF; CQVWDTRGVF; CQAWDTRGVF
Cluster_460,2,"BEAM_Only,Dual_Only",TRUE,FALSE,CLLYYGGYVVF; CLLYYGGVVVF
Cluster_461,1,BEAM_Only,FALSE,TRUE,CQHYNSYSLTWTF
Cluster_462,1,BEAM_Only,FALSE,TRUE,CASYTSSSTVVF
Cluster_463,1,Shared,FALSE,TRUE,CCLYRSRILF
Cluster_464,1,BEAM_Only,FALSE,TRUE,CQQRNNWPPNYSF
Cluster_465,1,BEAM_Only,FALSE,TRUE,CALYMGSGIWVF
Cluster_466,1,BEAM_Only,FALSE,TRUE,CSLFANNNLIF
Cluster_467,1,BEAM_Only,FALSE,TRUE,CCSYASGGTRVVF
Cluster_468,1,BEAM_Only,FALSE,TRUE,CLSYAGNNYVF
Cluster_469,1,BEAM_Only,FALSE,TRUE,CHQYNNWPPGTF
Cluster_47,1,Shared,FALSE,TRUE,CCSYAGNSDVF
Cluster_470,1,BEAM_Only,FALSE,TRUE,CQHYSGSPYTF
Cluster_471,1,BEAM_Only,FALSE,TRUE,CQSYDSSNHENYDWVF
Cluster_472,1,BEAM_Only,FALSE,TRUE,CQHGYSTLGGSDPFTF
Cluster_473,1,BEAM_Only,FALSE,TRUE,CQSSDSSGTFLWVF
Cluster_474,1,BEAM_Only,FALSE,TRUE,CQIWDSSNDQQVF
Cluster_475,1,BEAM_Only,FALSE,TRUE,CQQYSAWPQTF
Cluster_476,3,"BEAM_Only,Dual_Only",TRUE,FALSE,CQQRNNWLTF; CQQRDNWLTF; CQQRTNWLTF
Cluster_477,1,BEAM_Only,FALSE,TRUE,CLVYYGGAQLVF
Cluster_478,1,BEAM_Only,FALSE,TRUE,CGTRHSNSKTLELF
Cluster_479,1,BEAM_Only,FALSE,TRUE,CQQYSYEYTF
Cluster_48,1,BEAM_Only,FALSE,TRUE,CHQYYTSLYTF
Cluster_480,1,BEAM_Only,FALSE,TRUE,CQQSGSSPPITF
Cluster_481,1,BEAM_Only,FALSE,TRUE,CQQYDNWAPDRTF
Cluster_482,1,BEAM_Only,FALSE,TRUE,CQQYNIYPTF
Cluster_483,1,BEAM_Only,FALSE,TRUE,CQSFDTNTILVF
Cluster_484,1,BEAM_Only,FALSE,TRUE,CQQYDSWRTF
Cluster_485,1,BEAM_Only,FALSE,TRUE,CASWDDSLNGFFVF
Cluster_486,1,BEAM_Only,FALSE,TRUE,CLQLSSYSYTF
Cluster_487,1,BEAM_Only,FALSE,TRUE,CGAWDDSLSGYVF
Cluster_488,1,BEAM_Only,FALSE,TRUE,CCSYAGSSTFRF
Cluster_489,1,BEAM_Only,FALSE,TRUE,CQLWDGSSDQPVF
Cluster_49,20,"BEAM_Only,Dual_Only,Shared",TRUE,FALSE,CMQATQFPLTF; CMQATQFPITF; CMQVTQFPHTF; CMQLTQFPRTF; CMQATQFPQVTF
Cluster_490,1,BEAM_Only,FALSE,TRUE,CQSYDSSLSPPVVF
Cluster_491,1,BEAM_Only,FALSE,TRUE,CQERINGQLTF
Cluster_492,1,BEAM_Only,FALSE,TRUE,CVLHIGRGIFVF
Cluster_493,1,BEAM_Only,FALSE,TRUE,CQQRGKWPPMYTF
Cluster_494,1,BEAM_Only,FALSE,TRUE,CSSYTSTSAVF
Cluster_495,3,"Dual_Only,Shared",TRUE,FALSE,CQQRYNWPPFTF; CQQRYNWPPITF; CQQRYNWPPLTF
Cluster_496,1,BEAM_Only,FALSE,TRUE,CQQYGIIPWTF
Cluster_497,1,BEAM_Only,FALSE,TRUE,CQSADSGGTVF
Cluster_498,1,BEAM_Only,FALSE,TRUE,CQQSSTTPLFTF
Cluster_499,2,"BEAM_Only,Dual_Only",TRUE,FALSE,CQQRSDWPPRGTF; CQQRSDWPPRYTF
Cluster_5,41,"BEAM_Only,Dual_Only,Shared",TRUE,FALSE,CSSYTSSSTLFVF; CSSFTSISTEVF; CSSYTSSSTLVF; CSSYTSSSVVF; CSSYTSSTTLVF
Cluster_50,1,BEAM_Only,FALSE,TRUE,CCSYAGTSTPVVF
Cluster_500,1,BEAM_Only,FALSE,TRUE,CSSYAGSSTLLF
Cluster_501,1,BEAM_Only,FALSE,TRUE,CQQRTGLTF
Cluster_502,1,BEAM_Only,FALSE,TRUE,CLQYNTYPWTF
Cluster_503,1,BEAM_Only,FALSE,TRUE,CQQSYSIPQAF
Cluster_504,1,BEAM_Only,FALSE,TRUE,CSAWDDSLNGSVF
Cluster_505,1,BEAM_Only,FALSE,TRUE,CQQYKTYSF
Cluster_506,1,BEAM_Only,FALSE,TRUE,CHQYSDWPPITF
Cluster_507,1,BEAM_Only,FALSE,TRUE,CSAYTPSATWVF
Cluster_508,2,"BEAM_Only,Dual_Only",TRUE,FALSE,CQSADSSGTYSHVVF; CQSADSSGTYPHVVF
Cluster_509,1,BEAM_Only,FALSE,TRUE,CMQATQFPHEITF
Cluster_51,1,BEAM_Only,FALSE,TRUE,CQSFDSSLTGVF
Cluster_510,1,BEAM_Only,FALSE,TRUE,CSSSTISSTVVF
Cluster_511,1,BEAM_Only,FALSE,TRUE,CQQRGNWPPRITF
Cluster_512,1,BEAM_Only,FALSE,TRUE,CYSTHSNGNHRVF
Cluster_513,1,BEAM_Only,FALSE,TRUE,CQSADSNGSNWVF
Cluster_514,1,BEAM_Only,FALSE,TRUE,CHQYYRAENTF
Cluster_515,1,BEAM_Only,FALSE,TRUE,CTAWDGSLNGRVF
Cluster_516,2,"Dual_Only,Shared",TRUE,FALSE,CQHYDTYSFTF; CQHYNTYSFTF
Cluster_517,1,BEAM_Only,FALSE,TRUE,CNSRDTTNYPLVIF
Cluster_518,2,"BEAM_Only,Dual_Only",TRUE,FALSE,CSSYTPRSPWVF; CSSYTPTSPWVF
Cluster_519,1,Shared,FALSE,TRUE,CQQTSITPWTF
Cluster_52,27,"BEAM_Only,Dual_Only,Shared",TRUE,FALSE,CQSYDSSLSGSVF; CQSYDSSLIGSVF; CQSYDSSLSDSVF; CQSYDSSLSASVF; CQSYDSSLSGWVF
Cluster_520,1,BEAM_Only,FALSE,TRUE,CAAWDDSRYWVF
Cluster_521,1,BEAM_Only,FALSE,TRUE,CCSYAGSNFPYVF
Cluster_522,1,BEAM_Only,FALSE,TRUE,CQAWDRGAAWVF
Cluster_523,1,BEAM_Only,FALSE,TRUE,CMQVLETPPTF
Cluster_524,1,BEAM_Only,FALSE,TRUE,CQQYGRSALIIF
Cluster_525,1,BEAM_Only,FALSE,TRUE,CSSFTGTRTVF
Cluster_526,1,BEAM_Only,FALSE,TRUE,CQQYSSSSPWTF
Cluster_527,1,BEAM_Only,FALSE,TRUE,CQVWDNTISHPRVVF
Cluster_528,1,BEAM_Only,FALSE,TRUE,CAAWDDRLSGRLF
Cluster_529,4,"BEAM_Only,Dual_Only,Shared",TRUE,FALSE,CQVWDSSSDLEVF; CQVWDSSSDLVVF; CQVWDSSSDYVF; CQVWDSSSDEVF
Cluster_53,1,BEAM_Only,FALSE,TRUE,CQIYDTSPPGLTF
Cluster_530,1,BEAM_Only,FALSE,TRUE,CQHYDGYSLTF
Cluster_531,1,BEAM_Only,FALSE,TRUE,CQSYDGTNWVF
Cluster_532,1,BEAM_Only,FALSE,TRUE,CQQAHTFPPTF
Cluster_533,1,BEAM_Only,FALSE,TRUE,CSSFAGGNDLVF
Cluster_534,1,BEAM_Only,FALSE,TRUE,CQSYDGFNRDVVF
Cluster_535,1,BEAM_Only,FALSE,TRUE,CQQYDNLLRTF
Cluster_536,1,BEAM_Only,FALSE,TRUE,CNSRDNSANLLGVF
Cluster_537,3,"BEAM_Only,Dual_Only",TRUE,FALSE,CLLYYSGAAVF; CLLYYSGTRVF; CLLYYSGARVF
Cluster_538,1,BEAM_Only,FALSE,TRUE,CQSFHISRIGSLFVF
Cluster_539,1,Shared,FALSE,TRUE,CQQGRWF
Cluster_54,1,BEAM_Only,FALSE,TRUE,CQQYFSYLWTF
Cluster_540,1,BEAM_Only,FALSE,TRUE,CMQGLQTRGTF
Cluster_541,1,BEAM_Only,FALSE,TRUE,CQQRTTF
Cluster_542,1,BEAM_Only,FALSE,TRUE,CQQYNSYSAGAF
Cluster_543,1,BEAM_Only,FALSE,TRUE,CQQYSNLPAVTF
Cluster_544,1,BEAM_Only,FALSE,TRUE,CYSTDFSGNRRVF
Cluster_545,1,BEAM_Only,FALSE,TRUE,CQHLRTF
Cluster_546,1,BEAM_Only,FALSE,TRUE,CQHYNSYSQSTF
Cluster_547,1,BEAM_Only,FALSE,TRUE,CSSSTSTNTRVF
Cluster_548,1,BEAM_Only,FALSE,TRUE,CMQARQTVYTF
Cluster_549,1,BEAM_Only,FALSE,TRUE,CYSRDSSGNHWVF
Cluster_55,1,BEAM_Only,FALSE,TRUE,CQQYYSPPRSF
Cluster_550,1,BEAM_Only,FALSE,TRUE,CSSYAGSNTYVF
Cluster_551,1,BEAM_Only,FALSE,TRUE,CGTDHDSGSKFGWVF
Cluster_552,1,BEAM_Only,FALSE,TRUE,CSSYTSTNSVVF
Cluster_553,1,BEAM_Only,FALSE,TRUE,CQQSYNTPGSTF
Cluster_554,1,BEAM_Only,FALSE,TRUE,CQAWDSTYVVF
Cluster_555,3,"BEAM_Only,Dual_Only",TRUE,FALSE,CQQTFSRPWTF; CQQTFSTPWTF; CQQTFSTPLTF
Cluster_556,1,BEAM_Only,FALSE,TRUE,CQQRFNSFTF
Cluster_557,1,BEAM_Only,FALSE,TRUE,CMQGTHWYTF
Cluster_558,1,BEAM_Only,FALSE,TRUE,CQVWDGGSDHWVF
Cluster_559,1,BEAM_Only,FALSE,TRUE,CQMWDRRNNHPGF
Cluster_56,1,BEAM_Only,FALSE,TRUE,CQSWDSYRVLF
Cluster_560,1,BEAM_Only,FALSE,TRUE,CLLYYGGAHEGVF
Cluster_561,1,BEAM_Only,FALSE,TRUE,CQQRRGLTF
Cluster_562,1,BEAM_Only,FALSE,TRUE,CQQYAHWYTF
Cluster_563,1,BEAM_Only,FALSE,TRUE,CQRYGTSPSITF
Cluster_564,1,BEAM_Only,FALSE,TRUE,CQQTYSNVLF
Cluster_565,1,BEAM_Only,FALSE,TRUE,CQQRYNWPTYTF
Cluster_566,3,"BEAM_Only,Dual_Only",TRUE,FALSE,CHQYYSSWTF; CHQYVSSWTF; CHQYSSSWTF
Cluster_567,1,BEAM_Only,FALSE,TRUE,CAAWDDRLEGWVF
Cluster_568,1,BEAM_Only,FALSE,TRUE,CLQALQSPWTF
Cluster_569,1,BEAM_Only,FALSE,TRUE,CQLLSGYPPGTF
Cluster_57,1,BEAM_Only,FALSE,TRUE,CEQYNSYSSTF
Cluster_570,1,BEAM_Only,FALSE,TRUE,CNSRDNIGNHLVVF
Cluster_571,1,BEAM_Only,FALSE,TRUE,CMQATQFMYTF
Cluster_572,1,BEAM_Only,FALSE,TRUE,CQQYYTYPPWTF
Cluster_573,1,Shared,FALSE,TRUE,CLLSYSGARGVF
Cluster_574,1,BEAM_Only,FALSE,TRUE,CQHYSTYPYTF
Cluster_575,1,BEAM_Only,FALSE,TRUE,CQSADSRGTYKVF
Cluster_576,1,Shared,FALSE,TRUE,CQQRSNWPRYTF
Cluster_577,1,BEAM_Only,FALSE,TRUE,CQHLNSDLYTF
Cluster_578,1,BEAM_Only,FALSE,TRUE,CQQSDKLPYTF
Cluster_579,1,BEAM_Only,FALSE,TRUE,CLQYNNWPWTF
Cluster_58,1,BEAM_Only,FALSE,TRUE,CQQYGTSRITF
Cluster_580,1,BEAM_Only,FALSE,TRUE,CQVGDVSGTSPLVF
Cluster_581,1,BEAM_Only,FALSE,TRUE,CVLYLGSGDAMF
Cluster_582,1,BEAM_Only,FALSE,TRUE,CQQTSRTPTTF
Cluster_583,1,BEAM_Only,FALSE,TRUE,CQQRDNWPGTF
Cluster_584,1,BEAM_Only,FALSE,TRUE,CCSYVGMYSWVF
Cluster_585,1,BEAM_Only,FALSE,TRUE,CLQDYNNPITF
Cluster_586,1,BEAM_Only,FALSE,TRUE,CQSFDRTNHWVF
Cluster_587,1,BEAM_Only,FALSE,TRUE,CQQYDNLRGITF
Cluster_588,1,BEAM_Only,FALSE,TRUE,CQHYFSYPFTF
Cluster_589,1,BEAM_Only,FALSE,TRUE,CAAWDDSLSAWLF
Cluster_59,29,"BEAM_Only,Dual_Only,Shared",TRUE,FALSE,CQAWDSSTGVF; CQAWDSSTVVF; CQAWDSSTHVVF; CQAWDNSTGVF; CQAWDSGTGVF
Cluster_590,1,BEAM_Only,FALSE,TRUE,CGADHGSGSNFVF
Cluster_591,1,BEAM_Only,FALSE,TRUE,CQSYDSSLRVVVF
Cluster_592,1,BEAM_Only,FALSE,TRUE,CQHYITNSAWTF
Cluster_593,1,BEAM_Only,FALSE,TRUE,CCSYAGGHTWVF
Cluster_594,1,BEAM_Only,FALSE,TRUE,CQHYDTLPLFTF
Cluster_595,1,BEAM_Only,FALSE,TRUE,CLQHYSWWTF
Cluster_596,1,BEAM_Only,FALSE,TRUE,CAAWDASLSGRGFVF
Cluster_597,1,BEAM_Only,FALSE,TRUE,CSSWGGTNKLLF
Cluster_598,1,BEAM_Only,FALSE,TRUE,CQQYGTAPITF
Cluster_599,1,BEAM_Only,FALSE,TRUE,CSSYSSSNTLGHIL
Cluster_6,24,"BEAM_Only,Dual_Only,Shared",TRUE,FALSE,CCSYADTWVF; CCSYAGSYTWVF; CCSYAGSSTFYVF; CCSYAGTWVF; CCSYAGSGTYVF
Cluster_60,1,BEAM_Only,FALSE,TRUE,CQQYDDLPITF
Cluster_600,1,BEAM_Only,FALSE,TRUE,CQQYDTYHTF
Cluster_601,1,BEAM_Only,FALSE,TRUE,CQAWVSRSGVF
Cluster_602,1,BEAM_Only,FALSE,TRUE,CQQRTSWPPMYTF
Cluster_603,2,"BEAM_Only,Dual_Only",TRUE,FALSE,CQQLNSYLGAF; CQQLNSYLRAF
Cluster_604,1,Shared,FALSE,TRUE,CQQSYTTFALTF
Cluster_605,1,BEAM_Only,FALSE,TRUE,CLLSYNNAWVF
Cluster_606,1,BEAM_Only,FALSE,TRUE,CLHPSPWTF
Cluster_607,1,BEAM_Only,FALSE,TRUE,CQHPAGTF
Cluster_608,1,BEAM_Only,FALSE,TRUE,CQQYYSWGSF
Cluster_609,1,BEAM_Only,FALSE,TRUE,CQQSYVNPQVTF
Cluster_61,7,"BEAM_Only,Dual_Only,Shared",TRUE,FALSE,CSSYAGSNNLVF; CSSYAGNNNLVF; CSSYAGSNNLVVF; CTSYAGNNNLVF; CSSYAGSNNYVVF
Cluster_610,1,BEAM_Only,FALSE,TRUE,CAAWDDSQIWVF
Cluster_611,1,BEAM_Only,FALSE,TRUE,CLLYNGGAWVF
Cluster_612,1,BEAM_Only,FALSE,TRUE,CQQFDTLPFTF
Cluster_613,1,BEAM_Only,FALSE,TRUE,CQQYHSVQYTF
Cluster_614,1,BEAM_Only,FALSE,TRUE,CQQYKKWPPNTF
Cluster_615,1,BEAM_Only,FALSE,TRUE,CYSTDNSGNRRIF
Cluster_616,1,BEAM_Only,FALSE,TRUE,CQSYDFNNHWVF
Cluster_617,1,BEAM_Only,FALSE,TRUE,CQNYNSAPLTF
Cluster_618,1,BEAM_Only,FALSE,TRUE,CQQVTAF
Cluster_619,1,BEAM_Only,FALSE,TRUE,CQSYGSGLSGSIF
Cluster_62,23,"BEAM_Only,Dual_Only,Shared",TRUE,FALSE,CGTWDSSLSALVF; CGTWDSSLSAVVF; CGTWDSSLSAWVF; CGSWDSSLSAVVF; CGTWDDSLSAVVF
Cluster_620,1,BEAM_Only,FALSE,TRUE,CCSYAGSSTFRWVF
Cluster_621,2,BEAM_Only,FALSE,FALSE,CMIWHSSAHVVF; CMIWHSSADVVF
Cluster_622,1,BEAM_Only,FALSE,TRUE,CQQDQDFSLTF
Cluster_623,1,BEAM_Only,FALSE,TRUE,CQQTSSGPRSTF
Cluster_624,1,Shared,FALSE,TRUE,CVLYVGGGIWVF
Cluster_625,1,BEAM_Only,FALSE,TRUE,CHHLFTF
Cluster_626,1,BEAM_Only,FALSE,TRUE,CQSGDNDGLWVF
Cluster_627,1,BEAM_Only,FALSE,TRUE,CQQYNSYSSWAF
Cluster_628,1,BEAM_Only,FALSE,TRUE,CQAWNSRNGGF
Cluster_629,1,BEAM_Only,FALSE,TRUE,CQQYDDYPPVTF
Cluster_63,1,BEAM_Only,FALSE,TRUE,CQAWDSRSWVF
Cluster_630,1,BEAM_Only,FALSE,TRUE,CHQSSSLPWAF
Cluster_631,1,BEAM_Only,FALSE,TRUE,CHQYSNWPPSYTF
Cluster_632,1,BEAM_Only,FALSE,TRUE,CQSADTNGGYFF
Cluster_633,1,BEAM_Only,FALSE,TRUE,CQQYHNRYSF
Cluster_634,2,"Dual_Only,Shared",TRUE,FALSE,CQVWDSSSDHRVVF; CQVWDSSSDHFVVF
Cluster_635,1,BEAM_Only,FALSE,TRUE,CQKRSNWMF
Cluster_636,1,BEAM_Only,FALSE,TRUE,CNSRDSSGKHPVVF
Cluster_637,1,BEAM_Only,FALSE,TRUE,CQSSDSSLSWVF
Cluster_638,1,BEAM_Only,FALSE,TRUE,CQHSSITFGFTF
Cluster_639,1,BEAM_Only,FALSE,TRUE,CQQYDYLPRTF
Cluster_64,1,BEAM_Only,FALSE,TRUE,CLSKQRSNTSWVF
Cluster_640,1,BEAM_Only,FALSE,TRUE,CQSTDSSGTFWVF
Cluster_641,1,BEAM_Only,FALSE,TRUE,CQHYGNSSPMYTF
Cluster_642,1,BEAM_Only,FALSE,TRUE,CISRDSSGDHWVF
Cluster_643,1,BEAM_Only,FALSE,TRUE,CQSYDSTLSWVF
Cluster_644,1,BEAM_Only,FALSE,TRUE,CQQYFDTSYTF
Cluster_645,1,BEAM_Only,FALSE,TRUE,CFSYVGDRTWVF
Cluster_646,1,BEAM_Only,FALSE,TRUE,CQQRNTWPRTF
Cluster_647,2,"BEAM_Only,Dual_Only",TRUE,FALSE,CCSYAGSYTFF; CCSYAGSYTPF
Cluster_648,1,BEAM_Only,FALSE,TRUE,CQQSHSAPPFTF
Cluster_649,1,BEAM_Only,FALSE,TRUE,CNSRDSSGNYRWVF
Cluster_65,1,BEAM_Only,FALSE,TRUE,CHQYGSSHTF
Cluster_650,1,BEAM_Only,FALSE,TRUE,CQHRRDWPITF
Cluster_651,1,BEAM_Only,FALSE,TRUE,CQQYHTLLSF
Cluster_652,1,BEAM_Only,FALSE,TRUE,CMRGTHWTF
Cluster_653,1,BEAM_Only,FALSE,TRUE,CMQTLQAPPFTF
Cluster_654,1,BEAM_Only,FALSE,TRUE,CQQTYISPGWTF
Cluster_655,1,BEAM_Only,FALSE,TRUE,CLQSYSNTFTF
Cluster_656,1,BEAM_Only,FALSE,TRUE,CQQYYSFPPSF
Cluster_657,1,BEAM_Only,FALSE,TRUE,CQSYDSSLGGSVIF
Cluster_658,1,BEAM_Only,FALSE,TRUE,CQVWDSSGDPFWVF
Cluster_659,1,BEAM_Only,FALSE,TRUE,CQQYNEWWTF
Cluster_66,1,BEAM_Only,FALSE,TRUE,CQHHSSSPPHTF
Cluster_660,1,BEAM_Only,FALSE,TRUE,CQQSFSTPHSSF
Cluster_661,1,Dual_Only,FALSE,TRUE,CMQALQTYRVTF
Cluster_662,1,Dual_Only,FALSE,TRUE,CQQYNTYSF
Cluster_663,1,Dual_Only,FALSE,TRUE,CMQRIEFPSITF
Cluster_664,1,Dual_Only,FALSE,TRUE,CETWDSNTQRF
Cluster_665,1,Dual_Only,FALSE,TRUE,CQQLKSYPMYTF
Cluster_666,1,Dual_Only,FALSE,TRUE,CCSYAGIYTFPNWVF
Cluster_667,1,Dual_Only,FALSE,TRUE,CYSTDSSGNHTAWVF
Cluster_668,1,Dual_Only,FALSE,TRUE,CQQYSTYSTF
Cluster_669,1,Dual_Only,FALSE,TRUE,CQAWDRRQFVIF
Cluster_67,1,BEAM_Only,FALSE,TRUE,CATWDFSLSAEVF
Cluster_670,1,Dual_Only,FALSE,TRUE,CQQYNSDCPTF
Cluster_671,1,Dual_Only,FALSE,TRUE,CQVWDTNSGHPVVF
Cluster_672,1,Dual_Only,FALSE,TRUE,CMQALQTPSVTF
Cluster_673,1,Dual_Only,FALSE,TRUE,CQQYTSFSTF
Cluster_674,1,Dual_Only,FALSE,TRUE,CQSYDSSIDVF
Cluster_675,1,Dual_Only,FALSE,TRUE,CQQIYSLPPTF
Cluster_676,1,Dual_Only,FALSE,TRUE,CSSYTIRDTYVF
Cluster_677,1,Dual_Only,FALSE,TRUE,CQSSDSTGTSWVF
Cluster_678,1,Dual_Only,FALSE,TRUE,CQTSDSSATRF
Cluster_679,1,Dual_Only,FALSE,TRUE,CHQHYSTPFTF
Cluster_68,4,"BEAM_Only,Dual_Only,Shared",TRUE,FALSE,CQVWDSSSDHWVF; CQVWDSRSDHWVF; CQVWDDSSDHWVF; CQVWDSSSDCWVF
Cluster_680,1,Dual_Only,FALSE,TRUE,CQQYNSYSLFTF
Cluster_681,1,Dual_Only,FALSE,TRUE,CGADHGSGSNFFYVF
Cluster_682,1,Dual_Only,FALSE,TRUE,CMQALQTHFTF
Cluster_683,1,Dual_Only,FALSE,TRUE,CNSRDSSNNLWVF
Cluster_684,1,Dual_Only,FALSE,TRUE,CSSYTRTSTRVF
Cluster_685,1,Dual_Only,FALSE,TRUE,CQQSRPSWTF
Cluster_686,1,Dual_Only,FALSE,TRUE,CSSYTSSSLFVVF
Cluster_687,1,Dual_Only,FALSE,TRUE,CHQSRSSPGTF
Cluster_688,2,Dual_Only,FALSE,FALSE,CQQSHNLPPTF; CQQYHNLPPTF
Cluster_689,1,Dual_Only,FALSE,TRUE,CQHYKSYPFSF
Cluster_69,2,BEAM_Only,FALSE,FALSE,CQQTYNIPPVTF; CQQTYNIPPTF
Cluster_690,1,Dual_Only,FALSE,TRUE,CQVWDSSSDHQNVVF
Cluster_691,1,Dual_Only,FALSE,TRUE,CQVWYSRSDYRGAF
Cluster_692,1,Dual_Only,FALSE,TRUE,CQSYDSSLSDNWVF
Cluster_693,1,Dual_Only,FALSE,TRUE,CQQYDTLLVTF
Cluster_694,1,Dual_Only,FALSE,TRUE,CVQALQTSWTF
Cluster_695,2,Dual_Only,FALSE,FALSE,CMQALQTPPGITF; CMQALQTPPGYTF
Cluster_696,3,Dual_Only,FALSE,FALSE,CCSYAGSSSVVF; CCSYAGSYSYVVF; CCSYAGSYSVVF
Cluster_697,1,Dual_Only,FALSE,TRUE,CYSASDNNPRWVF
Cluster_698,1,Dual_Only,FALSE,TRUE,CQSADGSGTYPWVF
Cluster_699,1,Dual_Only,FALSE,TRUE,CCSYAGSREVF
Cluster_7,1,BEAM_Only,FALSE,TRUE,CQESHSTPPALTF
Cluster_70,1,BEAM_Only,FALSE,TRUE,CQVWHFTSLRPVVF
Cluster_700,1,Dual_Only,FALSE,TRUE,CQSYASGLSVVVF
Cluster_701,1,Dual_Only,FALSE,TRUE,CASWYDSPSGLWVF
Cluster_702,1,Dual_Only,FALSE,TRUE,CHHVNSNPPVTF
Cluster_703,1,Dual_Only,FALSE,TRUE,CMIWHSSGAVF
Cluster_704,1,Dual_Only,FALSE,TRUE,CQQYGSSPAKYTF
Cluster_705,1,Dual_Only,FALSE,TRUE,CQAWDISVVF
Cluster_706,1,Dual_Only,FALSE,TRUE,CCSYAGSYRDVF
Cluster_707,1,Dual_Only,FALSE,TRUE,CQQYGNSPFFTF
Cluster_708,1,Dual_Only,FALSE,TRUE,CQVWDSSSWVF
Cluster_709,1,Dual_Only,FALSE,TRUE,CSSYTSSNTPWVF
Cluster_71,1,BEAM_Only,FALSE,TRUE,CQSYDGSNHVF
Cluster_710,1,Dual_Only,FALSE,TRUE,CQHRTSWPPESTF
Cluster_711,1,Dual_Only,FALSE,TRUE,CMQRIEFPYTC
Cluster_712,1,Dual_Only,FALSE,TRUE,CMQATQFPPYTF
Cluster_713,1,Dual_Only,FALSE,TRUE,CQQYYTSPSF
Cluster_714,1,Dual_Only,FALSE,TRUE,CTSYTSSSTYVF
Cluster_715,1,Dual_Only,FALSE,TRUE,CQQLHDYPITF
Cluster_716,1,Dual_Only,FALSE,TRUE,CGTWDGSLSAMIF
Cluster_717,1,Dual_Only,FALSE,TRUE,CQQRSNWPPGGRLTF
Cluster_718,1,Dual_Only,FALSE,TRUE,CQQSYSTPPTLTF
Cluster_719,1,Dual_Only,FALSE,TRUE,CGTWDSSLGASWVF
Cluster_72,1,BEAM_Only,FALSE,TRUE,CYSAADNPWVF
Cluster_720,1,Dual_Only,FALSE,TRUE,CQQSDHLPTF
Cluster_721,1,Dual_Only,FALSE,TRUE,CGTWDISLSAGRGVF
Cluster_722,1,Dual_Only,FALSE,TRUE,CAAWDDNLGGRGVF
Cluster_723,1,Dual_Only,FALSE,TRUE,CLLYYGGPWVF
Cluster_724,1,Dual_Only,FALSE,TRUE,CQAWDSSRVF
Cluster_725,1,Dual_Only,FALSE,TRUE,CQQSYTIPPLTF
Cluster_726,1,Dual_Only,FALSE,TRUE,CQQSSSALTF
Cluster_727,1,Dual_Only,FALSE,TRUE,CGTWDSSLSAGGGVF
Cluster_728,1,Dual_Only,FALSE,TRUE,CCSYAGTITLHWIF
Cluster_729,2,Dual_Only,FALSE,FALSE,CQQFDSSPPTF; CQQFDTSPPTF
Cluster_73,4,BEAM_Only,FALSE,FALSE,CQQYKNWWTF; CQQYHNYWTF; CQQYKNYWTF; CQQYSNYWTF
Cluster_730,1,Dual_Only,FALSE,TRUE,CSSFTSSSFYVF
Cluster_731,1,Dual_Only,FALSE,TRUE,CQSYDNNNLWVF
Cluster_732,1,Dual_Only,FALSE,TRUE,CQAWDRNTGVF
Cluster_733,1,Dual_Only,FALSE,TRUE,CSSYGGTKNFVVF
Cluster_734,1,Dual_Only,FALSE,TRUE,CQQYYSYPSSTF
Cluster_735,1,Dual_Only,FALSE,TRUE,CQHYDTSPWTF
Cluster_736,1,Dual_Only,FALSE,TRUE,CQVWDSSSAVVF
Cluster_737,1,Dual_Only,FALSE,TRUE,CAAWDDSLSVRYVF
Cluster_738,1,Dual_Only,FALSE,TRUE,CQVWDGSSDHPGVMF
Cluster_739,1,Dual_Only,FALSE,TRUE,CQHYNDWPPGYTF
Cluster_74,1,BEAM_Only,FALSE,TRUE,CQQYGLF
Cluster_740,1,Dual_Only,FALSE,TRUE,CQQYGSSHGETF
Cluster_741,1,Dual_Only,FALSE,TRUE,CQQFHSYPVTF
Cluster_742,1,Dual_Only,FALSE,TRUE,CSSYSSRTTQVF
Cluster_743,1,Dual_Only,FALSE,TRUE,CQQYGNWPPTLTF
Cluster_744,1,Dual_Only,FALSE,TRUE,CQQGNSFPYTF
Cluster_745,1,Dual_Only,FALSE,TRUE,CQQHGSSFFTF
Cluster_746,1,Dual_Only,FALSE,TRUE,CHQTHIHPFTF
Cluster_747,1,Dual_Only,FALSE,TRUE,CQQYHSYSFTF
Cluster_748,1,Dual_Only,FALSE,TRUE,CQQSYSSLVYTF
Cluster_749,1,Dual_Only,FALSE,TRUE,CSSYSSSNTPYVF
Cluster_75,1,BEAM_Only,FALSE,TRUE,CMQATRPPTF
Cluster_750,1,Dual_Only,FALSE,TRUE,CQQHFSIPFTF
Cluster_751,1,Dual_Only,FALSE,TRUE,CQHYGSSLFTF
Cluster_752,1,Dual_Only,FALSE,TRUE,CQVWDSISDHVVF
Cluster_753,1,Dual_Only,FALSE,TRUE,CLNYNSYSPTF
Cluster_754,1,Dual_Only,FALSE,TRUE,CQQYSGQWTF
Cluster_755,1,Dual_Only,FALSE,TRUE,CQQYYSYLRTF
Cluster_756,1,Dual_Only,FALSE,TRUE,CLLSYSGARPVGF
Cluster_757,1,Dual_Only,FALSE,TRUE,CQQYFSTLTF
Cluster_758,1,Dual_Only,FALSE,TRUE,CSSYTNSITLVVF
Cluster_759,1,Dual_Only,FALSE,TRUE,CQQSYNHPFSF
Cluster_76,1,BEAM_Only,FALSE,TRUE,CQQYHTFPYTF
Cluster_760,1,Dual_Only,FALSE,TRUE,CQQYYSPSRTF
Cluster_761,1,Dual_Only,FALSE,TRUE,CQQSFNSPRTF
Cluster_762,1,Dual_Only,FALSE,TRUE,CQVWDGSSAHPGVF
Cluster_763,1,Dual_Only,FALSE,TRUE,CQVWDSRSDLRVF
Cluster_764,1,Dual_Only,FALSE,TRUE,CLAWDVSTGVF
Cluster_765,1,Dual_Only,FALSE,TRUE,CQSADNSRTDRMVF
Cluster_766,1,Dual_Only,FALSE,TRUE,CASWDSSLTVVVF
Cluster_767,1,Dual_Only,FALSE,TRUE,CGTWHSNSKTLRVF
Cluster_768,1,Dual_Only,FALSE,TRUE,CQHYNSFSRTF
Cluster_769,1,Dual_Only,FALSE,TRUE,CLQYNTYPMCTF
Cluster_77,1,BEAM_Only,FALSE,TRUE,CNSRDSSGNHPHVVF
Cluster_770,1,Dual_Only,FALSE,TRUE,CMLYMGRGIWVF
Cluster_771,1,Dual_Only,FALSE,TRUE,CQQFGTSPTF
Cluster_772,1,Dual_Only,FALSE,TRUE,CSSYISKRRVF
Cluster_773,1,Dual_Only,FALSE,TRUE,CQQAKSFPITL
Cluster_774,1,Dual_Only,FALSE,TRUE,CASWDAGLSGPVVF
Cluster_775,1,Dual_Only,FALSE,TRUE,CGSWDSSLRVWVF
Cluster_776,1,Dual_Only,FALSE,TRUE,CQSADSSAGVF
Cluster_777,1,Dual_Only,FALSE,TRUE,CQQYGSSVRIF
Cluster_778,1,Dual_Only,FALSE,TRUE,CQSYDSSPWVF
Cluster_779,1,Dual_Only,FALSE,TRUE,CNSFTSSSTWVF
Cluster_78,1,BEAM_Only,FALSE,TRUE,CQQSYTTPPIF
Cluster_780,1,Dual_Only,FALSE,TRUE,CQQYNNWPLGWTF
Cluster_781,1,Dual_Only,FALSE,TRUE,CAAWDDSLSADVVF
Cluster_782,1,Dual_Only,FALSE,TRUE,CHQHYRTPWTF
Cluster_783,1,Dual_Only,FALSE,TRUE,CQQVNSNPPVTF
Cluster_784,1,Dual_Only,FALSE,TRUE,CAAWDDSLNGSNWVF
Cluster_785,1,Dual_Only,FALSE,TRUE,CQQYNNWRALTF
Cluster_786,1,Dual_Only,FALSE,TRUE,CQQANSFTF
Cluster_787,1,Dual_Only,FALSE,TRUE,CQTWDSSTVGVVF
Cluster_788,1,Dual_Only,FALSE,TRUE,CQQYDNLPPGMYTF
Cluster_789,1,Dual_Only,FALSE,TRUE,CQQRSNWTF
Cluster_79,3,"BEAM_Only,Dual_Only",TRUE,FALSE,CQHYNSYSTTF; CQHYNSYSPWTF; CQHYNSYSPTTF
Cluster_790,1,Dual_Only,FALSE,TRUE,CQHYGSSLPLTF
Cluster_791,1,Dual_Only,FALSE,TRUE,CQQLHNYLWTF
Cluster_792,1,Dual_Only,FALSE,TRUE,CQSGDSSGTYPVF
Cluster_793,1,Dual_Only,FALSE,TRUE,CSLYTSSSTPVVF
Cluster_794,1,Dual_Only,FALSE,TRUE,CQQSHSSWTF
Cluster_795,1,Dual_Only,FALSE,TRUE,CNSRDSSGNLVF
Cluster_796,1,Dual_Only,FALSE,TRUE,CQHYNGYPWTF
Cluster_797,1,Dual_Only,FALSE,TRUE,CQTWGTVF
Cluster_798,1,Dual_Only,FALSE,TRUE,CMQALQTGF
Cluster_799,1,Dual_Only,FALSE,TRUE,CLQYDNLPITF
Cluster_8,1,BEAM_Only,FALSE,TRUE,CLVSYSGARVF
Cluster_80,3,"BEAM_Only,Shared",TRUE,FALSE,CQQRSNWPPVPTF; CQQRSNWPPKLTF; CQQRSNWPPVLTF
Cluster_800,1,Dual_Only,FALSE,TRUE,CQHLLTF
Cluster_801,1,Dual_Only,FALSE,TRUE,CQAWGSNNAVF
Cluster_802,1,Dual_Only,FALSE,TRUE,CYSTDSSGNVF
Cluster_803,1,Dual_Only,FALSE,TRUE,CQIADSSGEVF
Cluster_804,1,Dual_Only,FALSE,TRUE,CQQRVNWPRTF
Cluster_805,1,Dual_Only,FALSE,TRUE,CQQYNNWPPKVTF
Cluster_806,1,Dual_Only,FALSE,TRUE,CAAWDDSLGGSYVF
Cluster_807,2,Dual_Only,FALSE,FALSE,CQHYGSSPPITF; CQHYGTSPPITF
Cluster_808,1,Dual_Only,FALSE,TRUE,CLLYFGGGQAVF
Cluster_809,1,Dual_Only,FALSE,TRUE,CQQHYISPYTF
Cluster_81,2,"BEAM_Only,Shared",TRUE,FALSE,CMIWHSSAWVF; CVIWHSSAWVF
Cluster_810,1,Dual_Only,FALSE,TRUE,CYSSDSSGSQWVF
Cluster_811,1,Dual_Only,FALSE,TRUE,CCSYAGSHGVF
Cluster_812,1,Dual_Only,FALSE,TRUE,CCSYAHTSRWVF
Cluster_813,1,Dual_Only,FALSE,TRUE,CAAWDDSLYVF
Cluster_814,1,Dual_Only,FALSE,TRUE,CQQIDNYSSTF
Cluster_815,1,Dual_Only,FALSE,TRUE,CQNYDSASGTF
Cluster_816,1,Dual_Only,FALSE,TRUE,CQLYGDSPPYTF
Cluster_817,1,Dual_Only,FALSE,TRUE,CQQYANLPITF
Cluster_818,1,Dual_Only,FALSE,TRUE,CQSTDSSTTIF
Cluster_819,1,Dual_Only,FALSE,TRUE,CQQSYSIPLTY
Cluster_82,1,BEAM_Only,FALSE,TRUE,CATWDNSLNAVVF
Cluster_820,1,Dual_Only,FALSE,TRUE,CQHSGTSPRLTF
Cluster_821,1,Dual_Only,FALSE,TRUE,CEQLHSYPLTF
Cluster_822,1,Dual_Only,FALSE,TRUE,CQQYDNLPLIFTF
Cluster_823,1,Dual_Only,FALSE,TRUE,CQQYYSYPQVTF
Cluster_824,1,Dual_Only,FALSE,TRUE,CQQYDNLMCTF
Cluster_825,1,Dual_Only,FALSE,TRUE,CQQSYSHPGFTF
Cluster_826,1,Dual_Only,FALSE,TRUE,CQSYDNTLRNVF
Cluster_827,1,Dual_Only,FALSE,TRUE,CQQYGNVPFTF
Cluster_828,1,Dual_Only,FALSE,TRUE,CQQYGSSVLF
Cluster_829,1,Dual_Only,FALSE,TRUE,CQSYDSRLSAPYVF
Cluster_83,2,"BEAM_Only,Dual_Only",TRUE,FALSE,CSSYTSSSTLHWVF; CSSYTSSSTLEWVF
Cluster_830,1,Dual_Only,FALSE,TRUE,CHQYDKWPPITF
Cluster_831,1,Dual_Only,FALSE,TRUE,CMQALQTRPSLTF
Cluster_832,1,Dual_Only,FALSE,TRUE,CETWDSNTQGVF
Cluster_833,1,Dual_Only,FALSE,TRUE,CQSYASAIQVF
Cluster_834,1,Dual_Only,FALSE,TRUE,CSSYTIFSTRVF
Cluster_835,1,Dual_Only,FALSE,TRUE,CQQYDNPLITF
Cluster_836,1,Dual_Only,FALSE,TRUE,CMQVLQTFTF
Cluster_837,1,Dual_Only,FALSE,TRUE,CQAWDNNKLIF
Cluster_838,1,Dual_Only,FALSE,TRUE,CSSYTSSSTSYVVF
Cluster_839,1,Dual_Only,FALSE,TRUE,CQQANSFPGFTF
Cluster_84,1,Shared,FALSE,TRUE,CCSYAGRSFWVF
Cluster_840,2,Dual_Only,FALSE,FALSE,CQTWGTGYVVF; CQTWGTGTYVVF
Cluster_841,1,Dual_Only,FALSE,TRUE,CMQSIHLPFTF
Cluster_842,1,Dual_Only,FALSE,TRUE,CQAWGSGAAVF
Cluster_843,1,Dual_Only,FALSE,TRUE,CQSYDTTNPWVF
Cluster_844,1,Dual_Only,FALSE,TRUE,CCSYAGSYTSKYVF
Cluster_845,1,Dual_Only,FALSE,TRUE,CQVWDSSSDHQGVF
Cluster_846,1,Dual_Only,FALSE,TRUE,CMQATRGNTF
Cluster_847,1,Dual_Only,FALSE,TRUE,CKSRDSSGKYYLF
Cluster_848,1,Dual_Only,FALSE,TRUE,CQSADSSGTSPWVF
Cluster_849,1,Dual_Only,FALSE,TRUE,CQQTYITPAWTF
Cluster_85,2,"BEAM_Only,Shared",TRUE,FALSE,CAAWDDSLKEVF; CAAWDESLKEVF
Cluster_850,1,Dual_Only,FALSE,TRUE,CSSFTSTSLYVF
Cluster_851,1,Dual_Only,FALSE,TRUE,CQHYNSFPWTF
Cluster_852,1,Dual_Only,FALSE,TRUE,CQQYNSYSPKYTF
Cluster_853,1,Dual_Only,FALSE,TRUE,CQQRSNGGYTF
Cluster_854,1,Dual_Only,FALSE,TRUE,CVLYMGSDIWVF
Cluster_855,1,Dual_Only,FALSE,TRUE,CQAWDRTTAVVF
Cluster_856,1,Dual_Only,FALSE,TRUE,CSSYTSSSPGVVF
Cluster_857,1,Dual_Only,FALSE,TRUE,CETWDSSLSVGVF
Cluster_858,1,Dual_Only,FALSE,TRUE,CQHYDNLRLFTF
Cluster_859,1,Dual_Only,FALSE,TRUE,CQHFGFSQWTF
Cluster_86,2,BEAM_Only,FALSE,FALSE,CMQGTRLYTF; CMQGTPLYTF
Cluster_860,1,Dual_Only,FALSE,TRUE,CQMFGDSPPITF
Cluster_861,1,Dual_Only,FALSE,TRUE,CQQFGGSLFTF
Cluster_862,1,Dual_Only,FALSE,TRUE,CQQLGTF
Cluster_863,1,Dual_Only,FALSE,TRUE,CQQYNFWPTTF
Cluster_864,1,Dual_Only,FALSE,TRUE,CQQRTTHTF
Cluster_865,1,Dual_Only,FALSE,TRUE,CQQYAHRRTF
Cluster_866,1,Dual_Only,FALSE,TRUE,CSSSRVF
Cluster_867,1,Dual_Only,FALSE,TRUE,CQQLNSYPRKYTF
Cluster_868,1,Dual_Only,FALSE,TRUE,CSSYTSSRGVF
Cluster_869,1,Dual_Only,FALSE,TRUE,CQQYGGSLITF
Cluster_87,12,"BEAM_Only,Dual_Only,Shared",TRUE,FALSE,CQSADSSGTYVF; CQSADSSATWVF; CQSADSSGTPYWVF; CESADSSGTYVVF; CQSADSSGTYVVF
Cluster_870,1,Dual_Only,FALSE,TRUE,CLSKQRGETSWVF
Cluster_871,1,Dual_Only,FALSE,TRUE,CQSADNSGTQGWVF
Cluster_872,1,Dual_Only,FALSE,TRUE,CQQSYSTPIRFTF
Cluster_873,1,Dual_Only,FALSE,TRUE,CMEALESPQTF
Cluster_874,1,Dual_Only,FALSE,TRUE,CMQALQTPDGFTF
Cluster_875,1,Dual_Only,FALSE,TRUE,CQQYNTNSLLTF
Cluster_876,1,Dual_Only,FALSE,TRUE,CQQGYYTPYTF
Cluster_877,1,Dual_Only,FALSE,TRUE,CQSADRTTTYWVF
Cluster_878,1,Dual_Only,FALSE,TRUE,CQVWDSNSDLYVF
Cluster_879,1,Dual_Only,FALSE,TRUE,CLSYDGTNYVF
Cluster_88,1,BEAM_Only,FALSE,TRUE,CSSYAGSNIWVF
Cluster_880,1,Dual_Only,FALSE,TRUE,CQVWHSGGVAF
Cluster_881,1,Dual_Only,FALSE,TRUE,CQQLNSNPPVF
Cluster_882,1,Dual_Only,FALSE,TRUE,CQQFPYTF
Cluster_883,1,Dual_Only,FALSE,TRUE,CTSYSSISTLGVF
Cluster_884,1,Dual_Only,FALSE,TRUE,CSSYIRSSPLF
Cluster_885,1,Dual_Only,FALSE,TRUE,CQQYGGSLSF
Cluster_886,1,Dual_Only,FALSE,TRUE,CYQGYTF
Cluster_887,1,Dual_Only,FALSE,TRUE,CMQSLQTWTF
Cluster_888,1,Dual_Only,FALSE,TRUE,CQEYNNWPQTF
Cluster_889,1,Dual_Only,FALSE,TRUE,CQHYNTYYTF
Cluster_89,1,BEAM_Only,FALSE,TRUE,CGTWDSSLSAGDCVF
Cluster_890,1,Dual_Only,FALSE,TRUE,CQQYDGSSFIF
Cluster_891,1,Dual_Only,FALSE,TRUE,CQNPIAF
Cluster_892,1,Dual_Only,FALSE,TRUE,CQQLNSYPRGF
Cluster_893,1,Dual_Only,FALSE,TRUE,CMQGTHWPYAS
Cluster_894,1,Dual_Only,FALSE,TRUE,CQAWGSNTVIF
Cluster_895,1,Dual_Only,FALSE,TRUE,CSSYTASSAHVVF
Cluster_896,1,Dual_Only,FALSE,TRUE,CCSYGAIYPHVVF
Cluster_897,1,Dual_Only,FALSE,TRUE,CQQYRHYPWTF
Cluster_898,1,Dual_Only,FALSE,TRUE,CQQFLSVARTF
Cluster_899,1,Dual_Only,FALSE,TRUE,CQSADSSGTRRVF
Cluster_9,1,BEAM_Only,FALSE,TRUE,CQQYKGYSRTF
Cluster_90,1,BEAM_Only,FALSE,TRUE,CLLYHGGRLVF
Cluster_900,1,Dual_Only,FALSE,TRUE,CQTWDSSTLCRF
Cluster_901,1,Dual_Only,FALSE,TRUE,CQAWDSSTSPVVF
Cluster_902,1,Dual_Only,FALSE,TRUE,CQVWDSSSDHPLF
Cluster_903,1,Dual_Only,FALSE,TRUE,CLQHYAYPHTF
Cluster_904,1,Dual_Only,FALSE,TRUE,CQQYSSSRKVSTF
Cluster_905,1,Dual_Only,FALSE,TRUE,CGADHGYRRLF
Cluster_906,1,Dual_Only,FALSE,TRUE,CNSHTSSSTPWVF
Cluster_907,1,Dual_Only,FALSE,TRUE,CLLSYSGVHWVF
Cluster_908,1,Dual_Only,FALSE,TRUE,CCSYAGSARVF
Cluster_909,1,Dual_Only,FALSE,TRUE,CLQGSHWPPWTF
Cluster_91,1,BEAM_Only,FALSE,TRUE,CQSWASNSVIF
Cluster_910,1,Dual_Only,FALSE,TRUE,CQQRSNWPPEVTF
Cluster_911,1,Dual_Only,FALSE,TRUE,CQQYYSYFF
Cluster_912,1,Dual_Only,FALSE,TRUE,CSSYTSSSTPRYVF
Cluster_913,1,Dual_Only,FALSE,TRUE,CSSLTTSTSWVF
Cluster_914,1,Dual_Only,FALSE,TRUE,CVLYMARAVF
Cluster_915,1,Dual_Only,FALSE,TRUE,CQQFGSSRFTF
Cluster_916,1,Dual_Only,FALSE,TRUE,CQTWGTGHWVF
Cluster_917,1,Dual_Only,FALSE,TRUE,CGADHGSGSNFARVF
Cluster_918,1,Dual_Only,FALSE,TRUE,CQQYTNWRTF
Cluster_919,1,Dual_Only,FALSE,TRUE,CQSYDSSLIPFWVF
Cluster_92,1,BEAM_Only,FALSE,TRUE,CYSTDSSGTRGVF
Cluster_920,1,Dual_Only,FALSE,TRUE,CQHYNSLSNTF
Cluster_921,1,Dual_Only,FALSE,TRUE,CQQYDNLPHSLTF
Cluster_922,1,Dual_Only,FALSE,TRUE,CQQRSNWPRAITF
Cluster_923,1,Dual_Only,FALSE,TRUE,CQQYNTNPYTF
Cluster_924,1,Dual_Only,FALSE,TRUE,CQQSYTMPPVTF
Cluster_925,1,Dual_Only,FALSE,TRUE,CMIWPSNAPVVF
Cluster_926,1,Dual_Only,FALSE,TRUE,CQSYDSSNPLAVF
Cluster_927,1,Dual_Only,FALSE,TRUE,CAAYDDSLSAWVF
Cluster_928,1,Dual_Only,FALSE,TRUE,CMQVGRTF
Cluster_929,1,Dual_Only,FALSE,TRUE,CQHYGSSPRMFTF
Cluster_93,1,BEAM_Only,FALSE,TRUE,CQQSTTF
Cluster_930,1,Dual_Only,FALSE,TRUE,CQQYYSTPTMYTF
Cluster_931,1,Dual_Only,FALSE,TRUE,CAAWDDSLNGQGVF
Cluster_932,1,Dual_Only,FALSE,TRUE,CQSYDVTNYWVF
Cluster_933,1,Dual_Only,FALSE,TRUE,CMQALQPALTF
Cluster_934,1,Dual_Only,FALSE,TRUE,CESWDGSLSAVVF
Cluster_935,1,Dual_Only,FALSE,TRUE,CCSYAGSFFNYVF
Cluster_936,1,Dual_Only,FALSE,TRUE,CQQRSNWRGYTF
Cluster_937,1,Dual_Only,FALSE,TRUE,CQQLSSYPQKFTF
Cluster_938,1,Dual_Only,FALSE,TRUE,CQVWDSSTDHLVVF
Cluster_939,1,Dual_Only,FALSE,TRUE,CSSYRNNANVVF
Cluster_94,1,BEAM_Only,FALSE,TRUE,CTSYTSSDTVVF
Cluster_940,1,Dual_Only,FALSE,TRUE,CMQALQTPGRVTF
Cluster_941,1,Dual_Only,FALSE,TRUE,CQQSYSPRYTF
Cluster_942,1,Dual_Only,FALSE,TRUE,CQQSYSNPLF
Cluster_943,1,Dual_Only,FALSE,TRUE,CQQYGNSSPLSF
Cluster_944,1,Dual_Only,FALSE,TRUE,CQQYDTF
Cluster_945,1,Dual_Only,FALSE,TRUE,CYSAADTLWVF
Cluster_946,1,Dual_Only,FALSE,TRUE,CQQCDSYPETF
Cluster_947,1,Dual_Only,FALSE,TRUE,CMQGKNWPPSYTF
Cluster_948,1,Dual_Only,FALSE,TRUE,CLQGTHWPPITF
Cluster_949,1,Dual_Only,FALSE,TRUE,CQVWASRSGVF
Cluster_95,3,BEAM_Only,FALSE,FALSE,CASWDDDVSGPVF; CASWDDIVSGPVF; CASWDDGVSGPVF
Cluster_950,1,Dual_Only,FALSE,TRUE,CQHYYNTPLTF
Cluster_951,1,Dual_Only,FALSE,TRUE,CAAWDDSLNGPGVVF
Cluster_952,1,Dual_Only,FALSE,TRUE,CQSYDTSLSDLGVVF
Cluster_953,1,Dual_Only,FALSE,TRUE,CQQYSSFPITF
Cluster_96,1,BEAM_Only,FALSE,TRUE,CLSYAGNTNWVF
Cluster_97,1,BEAM_Only,FALSE,TRUE,CQTWGTGTPWVF
Cluster_98,1,BEAM_Only,FALSE,TRUE,CQAWDSSILF
Cluster_99,2,BEAM_Only,FALSE,FALSE,CAACDDSLNGPYWVF; CAACDDSLTGPYWVF
